text,DATE,VOTES,prediction,profanity_emoji
It’s like The Mist by Stephen Hawking outside,2026-03-04T13:56:39.453Z,1,1,🟢
This that early Erie spring weather,2026-03-04T13:31:03.240Z,1,1,🟢
I’m good from state to state,2026-03-04T07:44:35.349Z,1,1,🟢
Men’s soccer (true) champions party in my bed rn 😋😋,2026-03-04T07:34:34.594Z,24,1,🟢
interesting how msoc and flag football are full of poc and didn’t win….. over a bunch of white women…….,2026-03-04T05:53:18.340Z,43,1,🟢
we still talking about laker showdown 3 hours later?☠️,2026-03-04T05:19:25.358Z,45,1,🟢
only explanation for field hockey winning laker showdown was being promised the win 3000 years ago,2026-03-04T04:54:34.235Z,40,1,🟢
Fuck yall getting my fh post taken down,2026-03-04T04:44:39.446Z,13,0,🟡
how to make him ask me out no glue no borax,2026-03-04T04:29:38.564Z,26,1,🟢
So did we not see mlax fucking the floor,2026-03-04T04:28:50.675Z,41,1,🟡
flag football flips were sick,2026-03-04T04:20:20.987Z,48,0,🟢
You know it’s bad when their own teammates hating on them😭,2026-03-04T04:12:29.185Z,20,0,🟢
I don’t know how the fh team could celebrate their own win I would be so embarrassed,2026-03-04T04:05:46.903Z,34,1,🟢
"not the whole student body ganging up on fh, ts too funny😭😂",2026-03-04T03:52:07.254Z,68,1,🟢
Field hockey winning anything but games btw,2026-03-04T03:36:13.149Z,28,1,🟢
"1. flag2. wsoc
3. msoc

🤷‍♂️",2026-03-04T03:30:09.304Z,55,1,🟢
"HOLY SHIT HOW DO YOU NOY GET THE POINT OF WE DONT GIVE A FUCK ABOUT YOU, STOP POSTING ON THE SNAP STORY WE CAN TELL YOUR RUN THRU JUST BC OF THAT",2026-03-04T03:28:57.657Z,37,0,🟡
at least wrestling didn’t get the stage pregnant this year,2026-03-04T03:28:08.007Z,45,1,🟢
even tho rowing sucked those girls are UNITS!!,2026-03-04T03:27:18.984Z,42,0,🟡
All the trumpies were prolly mad about the MSOC,2026-03-04T03:22:59.489Z,60,1,🟢
Volleyball the only team that deserved top 3… where tf flag fball and msoc?!!!,2026-03-04T03:14:13.738Z,53,1,🟢
WHATEVER,2026-03-04T03:13:18.544Z,16,1,🟢
Yo anyone record it,2026-03-04T03:06:29.231Z,0,1,🟢
Performance sucked,2026-03-04T03:03:05.632Z,49,0,🟡
"Can’t lie, Volleyball fucked for bring out the AIM students.",2026-03-04T03:00:58.841Z,87,1,🟡
Abracadabra,2026-03-04T02:56:03.613Z,13,1,🟢
I fear Luke the laker ate down,2026-03-04T02:55:23.924Z,40,1,🟢
Field hockey acting like they just won the national championship,2026-03-04T02:54:22.626Z,38,1,🟢
hope you guys enjoyed the magic show😩,2026-03-04T02:53:19.111Z,46,1,🟢
golf what happened to my champs,2026-03-04T02:50:13.082Z,29,1,🟢
To everyone hating on wsoc let me just remind you of this,2026-03-04T02:42:27.109Z,15,0,🟢
Msoc actually had a good message behind it,2026-03-04T02:41:28.933Z,140,1,🟢
wsoc doesn’t get enough hate,2026-03-04T02:40:13.726Z,83,0,🟢
Disappointed the wrestling team did not give me my annual Magic Mike performance #refundme,2026-03-04T02:39:42.657Z,49,0,🟢
FLAG AND MSOC BY A MILE,2026-03-04T02:33:38.631Z,76,1,🟢
so who on field hockey fucked judge brosius to secure that win…,2026-03-04T02:32:27.594Z,24,1,🟡
golf i expected more from yall after last year,2026-03-04T02:31:22.427Z,43,1,🟢
Field hockeys season was so bad they really gave them the participation trophy,2026-03-04T02:30:52.695Z,42,1,🟢
update: it was the biggest pile of dog shit.,2026-03-04T02:30:15.889Z,29,1,🟡
The lakershowdown results were actually rage bait,2026-03-04T02:30:11.335Z,77,1,🟢
Did they list top 3 worst??? I’m confused,2026-03-04T02:29:48.873Z,85,0,🟢
So are we not supposed to call Laker showdown goonbait?,2026-03-04T02:29:08.196Z,29,1,🟢
Rowing’s performance might have been bad but the ginger in the pink pajamas can do me any day,2026-03-04T02:20:10.337Z,41,1,🟢
No chance matcha is straight,2026-03-04T02:19:53.629Z,51,1,🟢
Ding ding ding!!,2026-03-04T02:17:24.459Z,52,1,🟢
Pete Malo had the performance of the night tho…😍😋,2026-03-04T02:15:54.141Z,20,1,🟢
Sorry flag football. Don’t step over the line. Read the rules,2026-03-04T02:14:06.887Z,29,1,🟢
The girl on the flag team with the baby carrier has my whole heart 🥰🥰,2026-03-04T02:13:07.470Z,40,1,🟢
Keep dreaming lol,2026-03-04T02:12:36.065Z,19,1,🟢
Wdym put a ring on it Luke?! I already did,2026-03-04T02:09:34.426Z,16,0,🟢
no hate to field hockey!!! you just weren’t the best 😕,2026-03-04T02:07:16.133Z,89,1,🟢
anyone know if the flag football girls are wlw 👀,2026-03-04T02:07:13.443Z,54,1,🟢
Was football top 5 ?,2026-03-04T02:05:00.482Z,28,1,🟢
So like… who’s throwing?,2026-03-04T02:03:58.958Z,52,1,🟢
Brb burning all my field hockey gear,2026-03-04T02:03:07.228Z,32,1,🟢
FLAG FOOTBALL GOT ROBBED ARE WE SERIOUS?????,2026-03-04T02:00:28.105Z,180,0,🟢
Real winner,2026-03-04T01:59:35.088Z,17,1,🟢
At least wrestling didn’t impregnate the first 5 rows this year,2026-03-04T01:57:48.162Z,144,1,🟢
FLAG WON BRO IDC AND WTF WAS THE REST OF YALL DOING!!!! I WAS EXPECTING BETTER FROM FOOTBALL…. YALL LOOK LIKE YALL CANT FUCK.,2026-03-04T01:57:18.339Z,86,1,🟡
“And the winner is field hockey”,2026-03-04T01:57:14.270Z,172,1,🟢
maybe let’s let the students vote ?,2026-03-04T01:56:40.926Z,183,1,🟢
"1. msoc or flag fb2. flag fb or msoc
3. luke the laker

no one else deserved 3rd or to win.",2026-03-04T01:54:43.563Z,125,1,🟢
Laker showdown = gay sex,2026-03-04T01:53:44.655Z,40,1,🟢
The REAL Winner is…,2026-03-04T01:53:37.024Z,-2,1,🟢
msoc made me tear up why was that so cute,2026-03-04T01:51:23.463Z,214,1,🟢
goodbye alex jacobs,2026-03-04T01:50:58.426Z,31,1,🟢
Alex jacobs,2026-03-04T01:50:47.656Z,52,1,🟢
Who actually won?,2026-03-04T01:50:44.590Z,8,1,🟢
I just witnessed a massacre in the pac! Men's soccer won,2026-03-04T01:50:41.443Z,60,1,🟢
I beg your finest pardon but flag football and msoc should’ve came out on top,2026-03-04T01:49:27.791Z,206,1,🟢
Wow. Explains a lot….,2026-03-04T01:47:44.510Z,79,1,🟢
"quick question, was that a micro aggression when wsoc played bad bunny to represent the soccer players they’ve “hooked up” with? .. 🤨",2026-03-04T01:47:39.452Z,66,1,🟢
Laker Showdown:,2026-03-04T01:46:07.769Z,118,1,🟢
"judges, just say you hate diversity. not ranking the flag football and men's soccer was evil.",2026-03-04T01:45:44.836Z,158,0,🟢
All athletic teams should get together and boycott laker showdown next year…,2026-03-04T01:45:09.195Z,78,1,🟢
genuine question. why does everyone hate on the dance team so much? i thought they did great,2026-03-04T01:44:54.587Z,28,0,🟢
3937 is the track house btw not field hockey,2026-03-04T01:44:38.957Z,12,1,🟢
"Laker Showdown Top 5:msoc
flag
football
wlax
Luke the Laker",2026-03-04T01:44:33.844Z,167,1,🟢
"actual showdown ranking 1. Msoc
2. Flag football 
3. Wsoc",2026-03-04T01:44:18.198Z,158,1,🟢
Trophy for Laker showdown holds no value anymore after the joke that just happened in front of our eyes,2026-03-04T01:43:03.181Z,70,1,🟢
"real top three:1) Flag football
2) Volleyball
3) MSOC",2026-03-04T01:42:26.852Z,84,1,🟢
FLAG FOOTBALL AND MSOC ROBBED,2026-03-04T01:42:07.881Z,114,0,🟢
Netanyahu secret judge,2026-03-04T01:41:57.623Z,61,1,🟢
LAKER SHOWDOWN WAS SO RIGGED FCK THAT,2026-03-04T01:41:25.214Z,70,1,🟢
Who wonnnn,2026-03-04T01:40:36.025Z,5,1,🟢
Mlax snub of the year!!,2026-03-04T01:39:55.357Z,37,1,🟢
FIELD HOCKEY HATE TRAIN,2026-03-04T01:39:18.399Z,370,0,🟢
FLAG FB AND MSOC WERE ROBBEDD!!!!!!,2026-03-04T01:39:17.130Z,178,0,🟢
"I will not take the RA Ryan slander, Millsy your days are numbered",2026-03-04T01:37:33.900Z,25,1,🟢
Worst performance in the whole show won smh,2026-03-04T01:37:30.404Z,127,0,🟢
Gotta be some AIPAC money behind that win,2026-03-04T01:36:46.818Z,14,1,🟢
The president of SAAC is a field hockey player🤷‍♂️ Netanyahu plant,2026-03-04T01:36:46.219Z,43,1,🟢
STUNT ruined Teen Beach Movie for me 😐,2026-03-04T01:36:25.360Z,17,0,🟢
Stunt ruined teen beach movie for me,2026-03-04T01:36:20.468Z,16,0,🟢
That shit was staged more than the 2020 election,2026-03-04T01:36:06.788Z,64,0,🟡
Big yahu bought the laker showdown fr,2026-03-04T01:35:48.512Z,20,1,🟢
anyone else think they were naming the bottom 3?🤣,2026-03-04T01:35:18.516Z,178,1,🟢
Flag football won and everyone knows it,2026-03-04T01:35:07.586Z,184,1,🟢
Field hockey did not win 😭,2026-03-04T01:34:35.209Z,32,1,🟢
FIELD HOCKEY PLAYS FOR NETENYAHU,2026-03-04T01:33:42.594Z,29,1,🟢
"actual rankings:flag football 
men's soccer
women's volleyball",2026-03-04T01:33:37.788Z,140,1,🟢
Actually bow down and suck my dih you motherfuckers,2026-03-04T01:33:26.046Z,9,1,🟡
none of those should’ve placed,2026-03-04T01:33:21.740Z,75,1,🟢
rigged ass shit,2026-03-04T01:33:15.889Z,41,1,🟡
No way the worst one won are we deadass,2026-03-04T01:33:03.549Z,226,0,🟡
Flag Football robbed,2026-03-04T01:32:51.954Z,67,0,🟢
men’s soccer was ROBBED!!!!,2026-03-04T01:32:43.801Z,71,0,🟢
justice for flag football,2026-03-04T01:32:32.615Z,83,1,🟢
flag football and men’s soccer robbed,2026-03-04T01:32:26.990Z,157,0,🟢
that’s so gross,2026-03-04T01:32:17.355Z,12,0,🟢
MENS SOCCER WAS ROBBED,2026-03-04T01:32:06.137Z,102,0,🟢
Flag football got robbed,2026-03-04T01:31:56.434Z,81,0,🟢
Great idea make Luke the laker a queer instead of soemtbing cool,2026-03-04T01:30:46.049Z,28,1,🟢
flag football may have been the best,2026-03-04T01:29:47.805Z,66,1,🟢
mlax was horrible,2026-03-04T01:28:55.374Z,17,0,🟢
Men's lax genuinely what the fuck,2026-03-04T01:28:31.508Z,19,0,🟡
lax took advantage of having one black guy on the team,2026-03-04T01:27:30.299Z,47,1,🟢
flag fb got it,2026-03-04T01:26:31.477Z,53,1,🟢
men’s lacrosse doing pitch perfect wasn’t on my list,2026-03-04T01:26:00.440Z,54,1,🟢
Men’s lacrosse’s best performance this season and it still blew 1000 camel dicks,2026-03-04T01:25:17.298Z,38,1,🟢
Men’s lax are homosexuals,2026-03-04T01:24:09.495Z,42,1,🔴
Football reheating last years performance🫩,2026-03-04T01:17:30.409Z,44,1,🟢
backwards hat guy on wrestling can’t dance for shit💀,2026-03-04T01:16:58.918Z,22,1,🟢
"I guess if you play football, lax, or baseball you have pretty good odds of getting with wsoc",2026-03-04T01:16:09.592Z,41,1,🟢
yeah women’s soccer was the definition of mid,2026-03-04T01:14:36.626Z,21,1,🟢
I had high expectations for wsoc…,2026-03-04T01:13:53.115Z,19,1,🟢
The other 3 remaining women’s soccer players were loud asf in the crowd!!!,2026-03-04T01:12:07.441Z,26,1,🟢
wrestling wasn’t as disturbing as usual,2026-03-04T01:10:27.994Z,28,1,🟢
How is dance gonna let wrestling have a better mix than them,2026-03-04T01:10:09.302Z,43,1,🟢
Execute wrestling NOW,2026-03-04T01:08:13.543Z,36,1,🟢
Wrestling moves like old people fuck,2026-03-04T01:07:57.487Z,60,1,🟡
wrestling hit the pen too many times before preforming.,2026-03-04T01:07:42.689Z,65,1,🟢
I feel molested after watching wrestling,2026-03-04T01:07:38.711Z,58,1,🟢
flag football and msoc holding first place,2026-03-04T01:06:39.312Z,211,1,🟢
I’m filing a title 9 for wrestlings performance,2026-03-04T01:05:42.490Z,61,1,🟢
wresting and field hockey was sexual harassment,2026-03-04T01:05:37.489Z,47,0,🟢
Why was I raped by wrestling,2026-03-04T01:04:49.968Z,53,1,🟢
esports team should win,2026-03-04T01:04:02.434Z,28,1,🟢
Football was good type shi,2026-03-04T01:03:16.188Z,23,1,🟢
I think football got it tbh,2026-03-04T01:02:29.021Z,41,1,🟢
field hockey just wasted my mf time,2026-03-04T01:02:24.446Z,34,0,🟢
Field hockey what the fuck,2026-03-04T01:01:48.653Z,52,0,🟡
Does anyone record and post the performances ??,2026-03-04T01:01:34.442Z,26,1,🟢
Field hockey might have beat rowing for worst performance,2026-03-04T01:01:21.686Z,368,0,🟢
Golf was underwhelming,2026-03-04T00:56:58.873Z,70,1,🟢
golf mid,2026-03-04T00:56:09.107Z,34,1,🟢
football wasn’t bad,2026-03-04T00:51:32.512Z,47,1,🟢
Football team dance like they fuck… bad,2026-03-04T00:50:12.649Z,36,1,🟡
rowing had to be the worst,2026-03-04T00:45:37.470Z,34,0,🟢
severely unimpressed with the dance team ngl,2026-03-04T00:45:05.246Z,44,0,🟢
"if i’ve said it once, i’ve said it a hundred times: defund dance, stunt and cheer.",2026-03-04T00:43:36.231Z,106,1,🟢
msoc still is the best performance currently,2026-03-04T00:43:27.220Z,69,1,🟢
I fear the first part of stunt kinda ate,2026-03-04T00:39:15.760Z,54,1,🟢
Msoc deserves the win,2026-03-04T00:38:32.282Z,101,1,🟢
msoc was lowkey good,2026-03-04T00:29:22.958Z,96,1,🟢
flag football actually killed it,2026-03-04T00:21:48.733Z,257,1,🟢
Flag football ateeeee,2026-03-04T00:21:44.670Z,263,1,🟢
More like the Queen of not canceling class,2026-03-04T00:21:43.934Z,39,1,🟢
"Rowing’s performance tonight makes me want to go out into the middle of Lake Erie, tie a 100lb dumbbell to my feet, and jump off the boat.",2026-03-04T00:16:09.840Z,81,1,🟢
I feel like rowing was a middle school performance,2026-03-04T00:15:02.410Z,43,1,🟢
Row yo ass on home,2026-03-04T00:14:55.433Z,76,1,🟡
wlax shouldve stuck with the bald cap people,2026-03-04T00:10:08.595Z,24,0,🟢
not there being more people than seats at laker showdown,2026-03-04T00:05:08.273Z,16,1,🟢
abraham his ass,2026-03-03T23:44:28.319Z,119,1,🟡
Laker Showdown Bingo!,2026-03-03T23:43:12.445Z,27,1,🟢
I’m literally him,2026-03-03T23:35:18.072Z,13,1,🟢
who yall think is winning laker showdown?,2026-03-03T23:17:59.164Z,13,1,🟢
How old is too old??,2026-03-03T22:28:42.653Z,1,1,🟢
Btw Wsoc is dressing up as sports guys they have hooked up with for laker showdown. How christlike is that!!,2026-03-03T22:25:24.900Z,67,1,🟢
thank god that 17 year old is transferring,2026-03-03T21:33:54.168Z,4,1,🟢
how bad is the tullis medieval england midterm,2026-03-03T20:52:43.018Z,-2,1,🟢
"me n my homegirls pulling up to ww3 with our ninnies nd clihs pierced, kittens in the tank nd we finna have snacks n shi too ready to absolutely serve our cuntry:",2026-03-03T20:31:36.054Z,-1,0,🟢
catholicism test anyone know anything?,2026-03-03T19:46:39.350Z,3,1,🟢
Who shit on the floor in Ryan lobby?,2026-03-03T19:24:45.581Z,17,1,🟡
If you don’t go to laker showdown your lame asf,2026-03-03T19:21:05.275Z,53,1,🟡
So those big red signs that say “Stop” on the road means you’re supposed to stop your car at them. Just throwing that out there,2026-03-03T18:47:10.540Z,73,1,🟢
Is the mail room open during break?,2026-03-03T18:21:28.033Z,12,1,🟢
Me and my roommate are looking for girls to room with next year! We are both athletes! Wanting people who are nice and like to have fun on the weekends and do side quests while also wanting to chill at the same time. Text me if your looking for roommates.,2026-03-03T18:15:38.057Z,30,1,🟢
501 right now cookin up some fire af meals,2026-03-03T17:31:43.720Z,30,1,🟢
patties the weekend of the 21st??,2026-03-03T17:18:13.704Z,22,1,🟢
Are the summer online classes through here good?,2026-03-03T17:14:21.836Z,1,1,🟢
"Bro I have an exam tmrw, two on Thursday and a final on Friday and I have no motivation to study I think I’m cooked",2026-03-03T16:31:56.713Z,9,1,🟢
Sorry to anyone I woke up on Lewis with my screaming of Benjamin Netanyahu,2026-03-03T15:34:37.209Z,17,1,🟢
Whoever’s little kitty this isCutest little mf I’ve seen on campus,2026-03-03T15:03:30.481Z,158,1,🟢
why does grotto feel like they opened the gates of hell,2026-03-03T14:49:52.865Z,31,1,🟢
I promise i'm not mean i just have a BAD RBF,2026-03-03T14:42:55.614Z,67,1,🟢
were we supposed to get emailed tickets for laker showdown if we bought them online? i got a confirmation email but no actual ticket…,2026-03-03T13:53:27.667Z,18,1,🟢
girls transferring PLEASE dm me!! i need to use you for my housing selection to get a 2 person briggs/lewis🙏🙏,2026-03-03T13:47:53.717Z,1,0,🟢
"Nobody:
*That girl on Mercyhurst 29*",2026-03-03T07:20:59.842Z,33,0,🟢
Can warde 327 shut up…nhl 26 ain’t that important bro💀💀,2026-03-03T07:09:54.059Z,26,1,🟢
Can 214 warde PLEASE be quiet. Some of us have rowing practice tomorrow morning.,2026-03-03T07:06:42.354Z,9,1,🟢
Would it be possible to beg to keep a 4 person rooming situation for Lewis? Like how are we supposed to just kick out a 4th person?,2026-03-03T05:32:15.885Z,1,1,🟢
okay wsoc stfu,2026-03-03T05:31:50.783Z,16,0,🟡
Bro tell me why it is so hard to find two girls to live with next year. We need two girls (who are normal) but everyone already got roommates.,2026-03-03T04:48:39.110Z,4,1,🟢
it’s better to speak than to die. if you have something to say to someone just say it,2026-03-03T04:40:05.529Z,-1,1,🟢
"Up $1,000+ without warning is crazy",2026-03-03T04:28:06.186Z,14,1,🟢
it’s really looking like i’m transferring after this semester looking at the prices of everything😭😭😭,2026-03-03T04:23:35.952Z,26,1,🟢
Power hour free drinks rn,2026-03-03T04:20:51.594Z,3,1,🟢
Oh uh hiii what are you doing in my house,2026-03-03T04:08:04.570Z,12,1,🟢
opinions on james pitonyak for business law??,2026-03-03T04:05:36.279Z,16,1,🟢
YouTube can go fuck itself for kicking me off the student plan for no reason other than charging me more,2026-03-03T03:59:30.439Z,5,0,🟡
"HURST PATTYS☘️When: Sat March 15th
Time: starts at 3pm
Where: in front of town houses
Hopefully a townhouse will throw after! 
LETS MAKE HURST PATTYS HAPPEN!! ☘️",2026-03-03T03:48:48.237Z,60,1,🟢
748 be there rn,2026-03-03T03:44:31.627Z,0,1,🟢
whos pullin up to Tex Palooza?,2026-03-03T03:44:20.896Z,6,1,🟢
"Sir, were you just outside in your undies?",2026-03-03T03:37:51.639Z,4,1,🟢
What’s the best ways to find potential roommates when you don’t have much time and don’t enjoy the planned campus activities,2026-03-03T03:37:44.269Z,1,1,🟢
"laker showdown is either going to be utterly tragic or absolute cinema, no inbetween",2026-03-03T03:31:21.943Z,43,1,🟢
Skunk by west Duval,2026-03-03T03:20:38.554Z,9,1,🟢
"I have news for anyone who wants to go back to the past:The future is comin on 
Is comin on 
Is comin on 
Is comin on",2026-03-03T02:42:11.975Z,6,1,🟢
Chat I’m an official member of the Ella’s Fellas club,2026-03-03T02:38:54.038Z,13,1,🟢
"reducing the # of people per apartment AND raising the price is nuts. Especially for people who already had a 4 person group planned for briggs/lewis, are we supposed to just kick someone out? wtf",2026-03-03T02:37:38.880Z,14,0,🟢
748 tonight,2026-03-03T02:32:52.705Z,-3,1,🟢
what’s at swipe tn guys,2026-03-03T02:29:36.514Z,1,1,🟢
She has a name yk… that’s just degrading and rude,2026-03-03T02:17:47.129Z,87,0,🟢
"Yo whoever just smacked the car in front of my face in the warde parking lot, I’m like 13 beers deep you just made my night.",2026-03-03T02:14:04.373Z,26,1,🟢
"am I the only one not surprised by them raising the price of housing? they are requiring less people for a lot of the housing options, raising the prices on those makes sense to off set the cost of loosing 1+ people. plus most schools are raising prices",2026-03-03T02:12:17.911Z,47,1,🟢
Does any one else use the expression cross instead of angry/irritated,2026-03-03T01:38:44.898Z,17,0,🟢
Mercyhurst is going to get a lot of backlash with these new housing prices. I mean you don’t let kids live off campus all 4 years and expect them to put up with these raised housing prices?,2026-03-03T01:24:55.091Z,69,1,🟢
someone throw or i’m writing a special note tn 🥀🥀,2026-03-03T01:10:58.050Z,24,1,🟢
Has anyone who has had Wagner for APA please let a girl know how his exams are??? I'm currently stressing 😬,2026-03-03T00:33:33.797Z,11,1,🟢
i wanna ask him out but idk if he’s gay bro 😭 fuck my chungus life,2026-03-03T00:22:02.097Z,10,0,🔴
Who’s the best wlax freshman???,2026-03-03T00:08:03.183Z,23,1,🟢
Can this grotto worker play the music any louder.,2026-03-02T23:56:55.479Z,15,1,🟢
"they letting wrestling, water polo, and rowing do laker showdown 🥀",2026-03-02T23:47:33.770Z,11,1,🟢
I need you theater ppl to do les mis before i graduate pls and thank you,2026-03-02T23:30:52.183Z,26,1,🟢
what are you supposed to select for team affiliation on the laker showdown tickets if you’re not on a sports team?Are only the sports teams aloud to buy tickets i’m kinda confused,2026-03-02T22:57:16.012Z,8,0,🟢
I made that post about yearly housing cost. Maybe they shouldn’t have built Ryan and they wouldn’t be in so much debt 🤷🏼‍♂️ also they made Briggs/Lewis 3 people but then increased housing costs all around… that’s like a kiss before a gut punch.,2026-03-02T22:37:13.274Z,28,0,🟢
So like can a towner throw tn,2026-03-02T22:25:52.842Z,9,1,🟢
Whose dildo is this?,2026-03-02T22:20:46.501Z,79,1,🟡
HURST PATTYS??,2026-03-02T21:59:56.754Z,17,1,🟢
When is HURST PATTYS?,2026-03-02T21:59:49.130Z,10,1,🟢
"GRADUATION IN 2 MONTHS, TIME TO LOCK TF IN",2026-03-02T21:21:32.711Z,54,1,🟢
Mercyhurst raising housing prices for next year. that apartment I get better not  have a single thing wrong with it and it better come with a full fridge every week and a case a beer because they love stealing all my money. 🙂,2026-03-02T21:05:56.585Z,156,0,🟢
Clockey please throw,2026-03-02T20:47:51.999Z,30,1,🟢
What professor is best for research methods,2026-03-02T20:47:09.168Z,3,1,🟢
"I can’t small talk, can we just get to the point and crack?",2026-03-02T20:32:59.566Z,18,1,🟢
Ronald Reagan is sometimes called The Man Who Sold The World which kind of makes him like Kurt Kobain in a way,2026-03-02T20:28:56.692Z,6,1,🟢
Where DF the melanin fine shi out dis mf😭,2026-03-02T20:17:56.938Z,5,1,🟢
sooo who’s hosting tonight?,2026-03-02T20:05:06.601Z,15,1,🟢
What are some good electives to take ?? Or just side classes ..,2026-03-02T19:30:46.538Z,1,1,🟢
How to kick someone out of a snap community,2026-03-02T19:18:12.766Z,51,1,🟢
Can we make HURST PATTYS a thing,2026-03-02T18:51:16.003Z,47,1,🟢
How’s Dr Snyder for Phil ? (Intro to logic),2026-03-02T18:19:55.693Z,1,1,🟢
yeah pretty much,2026-03-02T18:18:04.937Z,39,1,🟢
IF I FIND ONE MORE PIECE OF HAIR IN MY FOOD @ GROTTO BRO,2026-03-02T17:56:48.204Z,9,1,🟢
anyone else's email just not been working properly recently?,2026-03-02T17:55:18.535Z,8,1,🟢
What’s the new housing changes?,2026-03-02T17:21:57.787Z,30,1,🟢
Sending tn,2026-03-02T16:43:40.500Z,0,1,🟢
Genuinely not trying to be rude but girl on the mercyhurst 2029 story please stop w the thirst trap  videos 😭😭😭,2026-03-02T16:26:11.630Z,131,0,🟢
Why did we get no warning for housing contracts,2026-03-02T16:22:57.803Z,15,0,🟢
does every meal plan come with swipe?,2026-03-02T16:22:10.252Z,24,1,🟢
odds i can get a 2 person briggs apartment as seniors? i know so many of yall that got this even as underclasmen…whats the secret,2026-03-02T16:20:28.107Z,8,1,🟢
Don’t let the clear blue skies deceive u it’s still freezing,2026-03-02T16:03:27.981Z,63,0,🟢
Why would you schedule 2 of my niche major required classes at the exact same time and only offer them in the fall at that one time…make it make sense Mercyhurst. It should not be my responsibility as a student to fix your shit,2026-03-02T16:01:26.036Z,74,0,🟡
"I gotchu, DM me 💜",2026-03-02T15:41:11.106Z,5,1,🟢
why is men’s rowing walking around with so much ass?!?!?,2026-03-02T12:59:16.706Z,35,1,🟡
wtm tn,2026-03-02T12:52:58.133Z,13,1,🟢
You know it’s Sunday when your hear the loud ass garbage trucks at 1145,2026-03-02T04:39:26.303Z,45,0,🟡
Kms I swear to god.,2026-03-02T03:46:54.625Z,18,0,🟢
Can we boycott police and safety and go on strike,2026-03-02T03:27:12.390Z,64,1,🟢
Sooo who’s throwing tmr,2026-03-02T03:24:27.473Z,27,1,🟢
buzz cut on a man is like a bob on a women…only works if you have the face card,2026-03-02T03:09:55.444Z,82,1,🟢
gonna repost this so he takes the hint,2026-03-02T02:31:25.122Z,41,1,🟢
I need that light skin with the cornrows asap.,2026-03-02T02:27:10.886Z,5,1,🟢
"Does the C store have laxatives? If so, please bring some to mcauly bathroom, I need help",2026-03-02T01:54:57.188Z,10,1,🟢
holy shit,2026-03-02T01:49:37.592Z,44,1,🟡
blasting foo fighters in my apartment hoping to attract cool friends. like a box and a stick with cheese under it 🪤,2026-03-02T01:31:18.325Z,28,1,🟢
#12 women’s hockey spotted in AIM building??,2026-03-02T01:23:20.279Z,18,1,🟢
Me being in the same class as you is me flirting btw,2026-03-02T00:51:56.390Z,82,1,🟢
to whoever’s revving their car outside ryan,2026-03-02T00:48:33.824Z,59,1,🟢
anyone in stats 109 willing to tutor me? math has never been my strong subject and i'm struggling pretty bad,2026-03-02T00:18:40.076Z,9,0,🟢
I wish I was Canadian they just seem cooler than everyone else,2026-03-02T00:05:17.684Z,44,1,🟢
fuck this wifi,2026-03-01T22:48:51.514Z,12,0,🟡
i'm gonna be honest guys i just be lying on this app to see who reacts sometimes,2026-03-01T22:16:51.110Z,65,1,🟢
crazy how BRUTAL yall get when things are anonymous. but it’s lowkey funny so keep being you,2026-03-01T21:53:03.334Z,28,1,🟢
Theater kings and queens: 1000/10 for that show. I’m not a Shakespeare person but ADORED it! Congrats to the seniors!,2026-03-01T20:56:19.787Z,94,1,🟢
Darty Tuesday???,2026-03-01T20:28:32.819Z,60,1,🟢
can you get into the warde townhouses with 5 people?,2026-03-01T20:18:49.967Z,4,1,🟢
Is the copy center open today?,2026-03-01T19:52:02.947Z,-1,1,🟢
The athletic director cannot operate a motor vehicle.,2026-03-01T18:56:05.735Z,13,1,🟢
Anyone willing to watch my pet duck for me this summer??,2026-03-01T18:32:33.602Z,-2,1,🟢
Who the stole the Coors Skis from the baddie house last night?,2026-03-01T17:12:48.544Z,2,0,🟢
3939 was so fun last night !!! love those girls,2026-03-01T16:39:53.710Z,70,1,🟢
Please God I can’t get sick rn,2026-03-01T15:04:04.611Z,4,0,🟢
How did msoc behave at the bar last night? Did any of them cheat on their girlfriends again?,2026-03-01T14:53:20.682Z,43,1,🟢
GREAT TOWNER NIGHT EVERYONE!,2026-03-01T10:57:02.839Z,34,1,🟢
"genuinely being here has made me more depressed then anything, like i just wanna focus on school, find love, have real friends and enjoy it but everyone here is so fake and the classes suck professors don’t teach, men only want sex like",2026-03-01T10:33:07.041Z,109,0,🟡
"""why is it snowing again"" ITS FEBRUARY THATS WHY!!!!!",2026-03-01T07:53:34.500Z,22,1,🟢
Fuck you whoever set off the fire alarm in Duval,2026-03-01T07:07:47.379Z,40,0,🟡
What is a yak match,2026-03-01T05:27:34.674Z,10,1,🟢
"Watching snl, eating cereal, weirdly digging my new yak match gc, and waiting for the good dryer to be available so I can have clean sheets before I sleep. Darn good Saturday night",2026-03-01T05:22:22.435Z,49,1,🟢
Men’s lax now,2026-03-01T05:09:36.539Z,-1,1,🟢
"why. does. my guy. FRIEND. think. i like. him. shut. your. bubble. gum. dumb. dumb. ass. up. 
no.",2026-03-01T04:51:52.608Z,17,0,🟡
guys. why is it getting cold again..,2026-03-01T04:50:36.863Z,58,0,🟢
Excuse me who logged into my TV? this is not the first time…,2026-03-01T04:34:05.119Z,36,1,🟢
"If you lost your pink iPhone 15 and the screen savor is the heated rivalry cast, I found your phone in the snow and I have it.",2026-03-01T04:28:25.151Z,42,1,🟢
Lax towner👀,2026-03-01T04:16:10.218Z,5,1,🟢
"it’s dead, go to bed chat.",2026-03-01T03:52:01.416Z,12,0,🟢
Mccoys is the vibe tn,2026-03-01T03:36:33.725Z,6,1,🟢
DJ Sean Kress > DJ Sleepy,2026-03-01T03:32:49.341Z,1,0,🟢
holy shit rapture outside rn,2026-03-01T03:32:45.867Z,4,1,🟡
The fact that people willingly chose Trump after all he had done over the last 10 years speaks a lot about how stupid and corrupt people are,2026-03-01T03:31:16.172Z,39,0,🟢
msg event was awful. and fuck the people who got seconds or budged the line,2026-03-01T03:16:50.150Z,32,0,🟡
the way it's 9:40 pm on a saturday omggg shut up,2026-03-01T02:44:50.229Z,26,0,🟡
THERE’S SO MANY PEOPLE AT LAX COME RN,2026-03-01T02:38:26.762Z,18,1,🟢
MLAX TN PU,2026-03-01T02:30:53.648Z,29,1,🟢
Come destroy are house-mlax,2026-03-01T02:27:42.269Z,58,1,🟢
Burn our house to the ground - mlax,2026-03-01T02:27:26.721Z,47,1,🟢
"msg, what happened tonight?! running out of food within 20 minutes of an event yall knew damn well was gonna be PACKED ??!!",2026-03-01T02:21:12.500Z,57,1,🟢
Men’s lax Right now!!,2026-03-01T02:20:41.834Z,21,1,🟢
is men’s lax really throwing???,2026-03-01T02:19:09.313Z,46,1,🟢
Men Lax be there!!!,2026-03-01T02:06:45.939Z,28,1,🟢
"I live at mlax, if u come here u will be kicked out",2026-03-01T01:57:41.217Z,25,1,🟢
Come too men lax at 9:30,2026-03-01T01:50:55.212Z,25,1,🟢
MSG I hope you step on Legos for the rest of your life that was EVIL to run out of food,2026-03-01T01:47:55.216Z,35,1,🟢
where is everyone going in their fancy ass fits,2026-03-01T01:27:51.299Z,1,1,🟡
MLAX theme?,2026-03-01T01:11:21.586Z,19,1,🟢
MENS LAXXXXXXXX TN,2026-03-01T01:00:11.411Z,26,1,🟢
mlax tonight we r back,2026-03-01T00:58:29.098Z,43,1,🟢
"who was that fine ass man on warde 4th floor a couple of mins ago hmu pls, he just like came up, circled the lobby and then left.",2026-03-01T00:35:53.291Z,1,1,🟡
what the heck men‘s rowing,2026-03-01T00:24:23.531Z,26,1,🟢
literally ts torture 🥹,2026-03-01T00:23:12.217Z,15,1,🟢
Men’s lax tonight!!!,2026-03-01T00:15:48.899Z,38,1,🟢
MLAX towner tonight. Be there or be square. Confirmed.,2026-03-01T00:15:43.635Z,41,1,🟢
wait so actually what townies are throwing,2026-03-01T00:05:05.936Z,5,1,🟢
4009 tn,2026-02-28T23:58:48.227Z,20,1,🟢
Mlax is back 🤫,2026-02-28T23:34:59.124Z,60,1,🟢
my fire stick cannot keep up with the shitty wifi on campus. can’t have anything nice,2026-02-28T22:36:29.413Z,19,1,🟡
tell me why I go to water polo today and they all have the biggest asses like put me on that workout plan,2026-02-28T22:11:07.498Z,17,1,🟡
How are pyne’s exams?,2026-02-28T21:19:43.095Z,9,1,🟢
Idk chat water polo pretty flame,2026-02-28T20:32:58.938Z,-4,1,🟢
Revival of the townies let’s get it tonight!,2026-02-28T20:26:02.136Z,85,1,🟢
Can that girl on MU snap story chill we don’t wanna see you PLEASE,2026-02-28T20:05:54.898Z,86,0,🟢
Are we great yet? Yet another war from the president of peace,2026-02-28T19:09:38.985Z,58,0,🟢
How do you transfer from here and still coming back all the time. Nobody wants you here 🤣,2026-02-28T18:46:04.786Z,49,0,🟢
As You Like It is MAGA’s worst nightmare GOOD JOB EVERYONE INVOLVED!!! 🎊🎊,2026-02-28T17:59:10.647Z,22,0,🟢
Does anyone know what 2tR means on course approval forms?,2026-02-28T17:57:01.254Z,1,1,🟢
when are st. pattys parties. i need them,2026-02-28T15:29:51.156Z,29,1,🟢
Day 2 of yak match gc and proud to announce they are 🆒,2026-02-28T14:41:11.485Z,48,1,🟢
bitches love to get ready and do nothing 😭,2026-02-28T07:26:15.774Z,25,0,🟡
what’s the tea on warde hall 2nd floor rn 😛😛,2026-02-28T07:15:51.168Z,1,1,🟢
"when he hits you with ""we need to talk"" but instead of breaking up it's him expressing his needs and feelings about the relationship so you can be healthy, learn, and do better",2026-02-28T06:38:42.320Z,130,1,🟢
"At the end of the day YOU are the one who is going to bed with yourself so who CARES. There is only one of YOU! You know you better than you think you do. You are so strong. 
(Now send in the Shut up comments but i wanted you to know this)",2026-02-28T05:38:11.834Z,61,1,🟢
its time for a revival of the townies…sullies is a disappointment,2026-02-28T05:37:23.930Z,86,0,🟢
ngl rayquaza 2v1s groudon and kyogre but prolly loses to deoxys,2026-02-28T05:15:37.249Z,4,1,🟢
sullies not the move undercovers and like no one in there,2026-02-28T04:27:01.064Z,22,1,🟢
Why do the washers here lowkey wash my clothes like a hot pocket. Half wet half dry. Parts are clean and other parts  are clearly untouched.,2026-02-28T04:10:30.193Z,21,1,🟢
Sullivans not wanting to make money is crazy,2026-02-28T04:04:53.635Z,16,1,🟢
fuck sullies,2026-02-28T04:04:16.888Z,43,1,🟡
Sullivan’s fall off needs to be studied,2026-02-28T04:02:28.697Z,45,1,🟢
Agent at sullies,2026-02-28T03:57:48.578Z,29,1,🟢
boycott sullivans,2026-02-28T03:56:03.183Z,22,1,🟢
"do guys actually like it when girls play hard to get?? cause coming from a girl, that shit just makes me think you hate me",2026-02-28T03:42:48.852Z,12,0,🟡
"GUYS WAITTT, sullivans is empty like 0 people actually. and yes it’s the old securities but omg there’s no one there and they have no DJ tonight.",2026-02-28T03:32:35.182Z,19,0,🟢
Sullys tonight. Everyone gets in,2026-02-28T03:07:14.528Z,8,1,🟢
Gotta rip sulls tn,2026-02-28T03:06:50.188Z,11,1,🟢
Tough decisions to make 😔😔😔,2026-02-28T02:53:36.692Z,34,1,🟢
Mando sullys tn,2026-02-28T02:49:03.382Z,15,1,🟢
Drew not working tn,2026-02-28T02:41:34.826Z,14,1,🟢
The literal first thing posted in my yak match gc was someone asking about sullys. Mind you the gc is like “you all like new food spots”.,2026-02-28T02:36:34.468Z,8,1,🟢
Who do i get ahold of to start a club?,2026-02-28T02:29:24.316Z,0,1,🟢
My boys working the door to sullys tonight. He’s letting everybody in. Raid sulllyyyyyy !!!!!!!!!,2026-02-28T02:26:00.273Z,28,1,🟢
SULLIES,2026-02-28T02:22:26.754Z,7,1,🟢
warde 339 with as much respect for it being a friday as possible… SHUT THE FUCK UP. your neighbors are sick of you,2026-02-28T02:11:13.244Z,6,0,🟡
sullies tn,2026-02-28T02:05:48.334Z,18,1,🟢
Me and my yak match gc about to rule the world,2026-02-28T01:22:56.822Z,76,1,🟢
Sullys is the move!,2026-02-28T00:18:07.302Z,14,1,🟢
Whoever has their clothes on a washer in duval please rewash them. You’ve neglected your wet clothes for so long that they’re stinking up the whole laundry room,2026-02-27T23:58:25.325Z,25,0,🟢
Me and my camel toe against the world,2026-02-27T23:49:52.174Z,56,1,🟢
Pull up to the Roost!,2026-02-27T23:27:39.383Z,4,1,🟢
Why can’t I order hot food at swipe at night online?,2026-02-27T23:24:08.034Z,3,1,🟢
Did this actually work?,2026-02-27T23:14:45.722Z,5,1,🟢
it's crazy that some of you are allowed to operate a motor vehicle,2026-02-27T22:59:03.857Z,54,0,🟢
Guys come to sullivans tn. I need money,2026-02-27T22:56:53.421Z,13,1,🟢
"Mailroom took care of my package so I took care of him….✊🏻🍆👄, All my fellow hurst girls it's an easy price to make sure yo shit is taken care of.",2026-02-27T22:37:14.736Z,-3,0,🟡
if i order roost on the get app do i pick it up at the roost express or inside the roost?,2026-02-27T22:32:17.796Z,1,1,🟢
Women’s HOCKEY WITH ANOTHER DUB 🎉🎉🎉,2026-02-27T22:30:19.614Z,68,1,🟢
flag football had media day at the jets stadium?? lowkey tuff 🫣,2026-02-27T22:07:50.803Z,3,1,🟢
Absolute banger,2026-02-27T22:07:43.598Z,1,1,🟢
bringing this up again bc ohhh my god.,2026-02-27T20:41:29.577Z,41,1,🟢
Yak group match update?,2026-02-27T20:36:19.422Z,11,1,🟢
i just love going to the dining halls after class to eat cold food,2026-02-27T19:58:54.879Z,36,0,🟢
War zone in my class right now. Student and Professor are arguing about random shit,2026-02-27T19:48:09.327Z,4,0,🟡
happy for u for getting the d girl but i can hear it walking through the hallway 🫩,2026-02-27T19:34:10.238Z,13,1,🟢
THE OTHER RYAN ELEVATOR WORKS AMENNNNNNNNN,2026-02-27T19:18:01.880Z,35,1,🟢
"to my un-revealed yak group match, this is me btw if i get ghosted for a 2nd week in a row",2026-02-27T19:14:41.589Z,48,1,🟢
if your gonna walk -2 mph on the sidewalk move tf over i got places to be,2026-02-27T19:03:30.227Z,43,1,🟢
Who’s throwing please,2026-02-27T18:59:49.361Z,2,1,🟢
The scunts are out and about everyone be safe,2026-02-27T18:57:07.220Z,6,1,🟢
why is the senior gift using ai for everything it just looks sloppy,2026-02-27T18:46:29.187Z,57,1,🟢
"hey guys, setting up my schedule for next term. how hard is chinese 101? what’s the course load like?",2026-02-27T18:34:31.273Z,-1,1,🟢
Everyone I want you to thank my friend for the weather being this nice. He broke up with girlfriend after a long time of pushing it back. Now it’s sunshine and rainbows,2026-02-27T17:49:39.365Z,40,1,🟢
pls stop trauma dumping on ppl then get pissy when they try to give u advice maybe get some help,2026-02-27T17:33:42.497Z,37,1,🟢
as a female how do u get pee on the toilet seat,2026-02-27T17:28:12.938Z,39,1,🟡
Okay As You Like It was actually the funniest play I’ve seen in a while 😭,2026-02-27T17:17:38.744Z,30,1,🟢
i found a white phone w a clear phone case and a fortune cookie paper in the back of the phone in front of the townhouses….i left it at police and safety,2026-02-27T16:37:48.117Z,5,1,🟢
So who’s throwing tn,2026-02-27T16:34:32.182Z,20,1,🟢
Me when I don’t buy a parking pass,2026-02-27T16:30:44.844Z,67,1,🟢
would you rather luke the laker oiled up or getzy shake sum for laker showdown,2026-02-27T16:20:34.430Z,43,1,🟢
Man in jorts and furry hat I want to be you so bad and give you flowers and rub your shoulders but just in a I appreciate you way,2026-02-27T15:57:05.687Z,16,1,🟢
When is HURST PATTYS?,2026-02-27T15:45:23.006Z,12,1,🟢
"Drafting myOpening message
To my group yak match
Today
🤭",2026-02-27T14:59:11.167Z,49,1,🟢
Communication is key🙌🏼,2026-02-27T14:56:34.355Z,20,1,🟢
Gimme some 🍑,2026-02-27T14:17:05.475Z,25,1,🟢
Actually pissed me off they said they have chicken fingers at roost and roost express like it doesn’t cost us our limited bonus bucks,2026-02-27T12:34:21.754Z,28,0,🟢
so yall just weren’t gonna tell me tobins pos psych exam was gonna do me like that…🫩,2026-02-27T07:40:38.077Z,12,1,🟢
Girl same 😭 what time is ur class maybe we can help each other out,2026-02-27T07:29:30.936Z,15,1,🟢
"Men’s golf yall are all skinny twinks, how come you are fie fy fo fumming 🧌 around upstairs god damn",2026-02-27T05:17:34.625Z,29,1,🟡
Shit my pants walking back to the dorm tonight.,2026-02-27T05:12:38.460Z,28,1,🟡
🚨beast alert🚨 the beast is out of hibernation and lurking for prey in warde. If you hear scratching at the door just hide.,2026-02-27T04:57:51.815Z,34,1,🟢
Hey so why would a man be in my wing again,2026-02-27T04:51:26.652Z,38,1,🟢
to the lunch server who gives me the tiniest chicken piece and says “cheers” fuck you.,2026-02-27T04:05:15.830Z,33,0,🟡
boycott exams and throw another hurst day,2026-02-27T03:59:12.036Z,65,1,🟢
Hardest semester of my life. Is it terrible if I bail on beach spring break and go home? I kinda just wanna hang with my mom and my dog nd watch greys anatomy (again),2026-02-27T03:54:58.371Z,52,0,🟢
stop being a wimp and text her,2026-02-27T03:12:17.665Z,74,0,🟡
Vote Trinity for MSG pres,2026-02-27T03:09:17.023Z,30,1,🟢
This goes for the cat owners as well!! I shouldn’t be able smell your cat litter through the freaking walls.,2026-02-27T02:53:42.137Z,41,1,🟡
As You Like It was soooo good!!!,2026-02-27T02:21:04.097Z,44,1,🟢
BRUNO MARSSSSS NEW ALBUM @ MIDNIGHT,2026-02-27T02:06:54.677Z,29,1,🟢
hi just wondering people’s thoughts on what is religion with vonthaden,2026-02-27T01:42:13.300Z,20,1,🟢
Anyone have a thermal camera? The less yk the better,2026-02-27T01:04:12.500Z,1,1,🟢
"Mailroom staff, if you don’t fuck up my very important package tomorrow, I will give you the best head you ever had.",2026-02-27T00:26:04.104Z,37,0,🟡
Men’s rowing gets more and more disgusting every day.,2026-02-26T23:53:09.172Z,47,0,🟢
duval get your shit out of the washers please!!,2026-02-26T23:40:24.544Z,19,1,🟡
Grotto: denies request for chicken fingers NICORETTE TUNA WRAP🔥🔥🔥🔥🔥,2026-02-26T23:40:11.312Z,48,1,🟢
when I’ve been stranded in the desert (college dining hall) dehydrated and parched (eating shitty food) but then I come across a beautiful oasis (ryan serving walking tacos),2026-02-26T23:12:30.053Z,43,0,🟢
To the blonde girl I just looked back 10 times at in grotto I think I love you,2026-02-26T22:39:25.865Z,36,1,🟢
The interests I am being matched on for yak match group day tmrw,2026-02-26T21:51:09.377Z,117,1,🟢
someone in my apartment building just started blasting lucid dreams by juicewrld and it's shaking the walls. are you okay,2026-02-26T20:28:25.520Z,45,0,🟢
bro level 1 warde girls side whoever is singing you ain’t all that,2026-02-26T20:27:26.294Z,17,1,🟢
Tobin test got me fucked,2026-02-26T20:13:38.606Z,9,1,🟡
been making eye contact with my gym crush for like 2 years at this point ahahaha,2026-02-26T19:54:15.170Z,11,1,🟢
why does the girls bathroom outside PAC smell like someone shart and smeared it in the walls.,2026-02-26T19:52:24.487Z,38,1,🟢
Can they please invest in microwaves in the dining hall if they’re not going to keep the food warm…,2026-02-26T19:24:21.689Z,68,1,🟢
Has anyone seen a car key and a couple house keys on a black lululemon keychain laying around anywhere in the Ryan lot or around Ryan??? I can’t find them anywhere,2026-02-26T19:05:59.676Z,7,1,🟢
"Dog owners of Mercyhurst, 90% of you are disgusting and you shouldn’t be allowed to have them",2026-02-26T18:04:15.155Z,100,0,🟡
who tf is blasting music in warde,2026-02-26T17:48:32.512Z,0,1,🟢
Has anyone taken French 1 ?? How is it is it easy did you like it & did you learn? How is the teacher…,2026-02-26T16:17:22.514Z,1,1,🟢
Do you think they died yesterday,2026-02-26T15:50:16.623Z,21,1,🟢
Fuck yeah,2026-02-26T15:42:45.050Z,9,1,🟡
MURDER PUNXSUTAWNEY PHIL,2026-02-26T15:42:13.586Z,20,1,🟡
"dear mailroom, i have a very important EXPENSIVE package coming today… from amazon PLEASE DONT FUCK IT UP",2026-02-26T14:09:35.000Z,28,0,🟡
What is the name of the sweet old lady who sits at the front desk in Ryan?,2026-02-26T13:13:36.777Z,30,1,🟢
how tf this prof gonna mark down my attendance for this 8am when she always at least 10 late herself 😐,2026-02-26T13:06:44.423Z,36,0,🟢
"I could be shitting at the same time as her, how romantic",2026-02-26T12:58:09.460Z,53,1,🟡
Does anyone else turn evil on their period and just like uncontrollably mentally spiral? Anyone know a cure?,2026-02-26T12:42:23.837Z,70,1,🟢
It’s 730 plz guys stfu,2026-02-26T12:36:56.007Z,1,0,🟢
Remember ladies. A man is not worth ur education. Not ever.,2026-02-26T07:00:03.658Z,74,1,🟢
"to the people who live on the top floor of 3910 lewis, are you mentally okay? why are you guys ALWAYS making noise after 12am EVERY night. people are trying to sleep.",2026-02-26T06:30:28.647Z,1,0,🟢
"be honest, does griffith care if i dont do my algebra homework but still do okay on the quizzes/tests",2026-02-26T04:59:38.231Z,6,1,🟢
Hottest football player?,2026-02-26T04:57:23.434Z,3,1,🟢
"If you’re in Baldwin, literally stop screaming “shut up mom” 😐 ik it’s your vocal stim but like it’s almost midnight",2026-02-26T04:27:50.878Z,48,0,🟡
Who does Jeffery Epstein make you think of?,2026-02-26T03:36:52.566Z,7,1,🟢
I’m at the red fox inn for red fox Wednesday. Where is everybody?,2026-02-26T02:56:22.233Z,9,1,🟢
wanting to fuck a football player at y'all's grown age 🥀,2026-02-26T02:46:00.211Z,7,1,🟡
WHEN YOU TELL A GUY UR A VIRGIN ND THEY START TALKIN LIKE THEYRE GONNA CHANGE THAT:,2026-02-26T02:44:13.002Z,84,1,🟢
32 women's basketball a bitch,2026-02-26T02:34:09.657Z,-4,1,🟡
genuinely pmo when i put my laundry in the washer while the laundry room is completely empty and i come back to switch it and all the dryers are taken bc somebody decided they were gonna go to a diff floor…,2026-02-26T00:51:37.812Z,21,0,🟢
Day 78 of the vending machine in McAuley not being stocked maybe one day this terror will end,2026-02-26T00:33:29.876Z,25,1,🟢
Intramural hoop championship tn!!! Pack the MAC AT 9,2026-02-26T00:33:27.289Z,-3,1,🟢
"Whenever through laundry on the floor in duval, I will find you…",2026-02-25T23:36:43.687Z,3,1,🟢
I know that yall remember where you’ve been letting your dogs shit go pick it up now that there’s no snow,2026-02-25T23:11:02.024Z,64,1,🟡
So does everyone have the coffee shakes from the roaming bean lattes?,2026-02-25T20:45:26.016Z,19,1,🟢
Anyone know where I could possibly get a tutor for stats 109??,2026-02-25T20:44:15.592Z,1,1,🟢
"Since someone brought up mailroom, call me crazy but I wanna hook up with that one guy there.",2026-02-25T20:37:33.453Z,15,1,🟢
Me when the grotto doesn’t serve surstromming and chitlins with soy sauce,2026-02-25T20:30:41.715Z,13,1,🟢
TF is up with that tall guy with black hair in the mailroom? He’s def rude AF,2026-02-25T20:26:22.354Z,41,0,🟢
wasn’t expecting ice cold spanish rice for dinner ❓,2026-02-25T20:05:16.019Z,5,0,🟢
"Just say you're a miserable person, that coffee was great",2026-02-25T19:49:58.308Z,46,0,🟢
Every time I let myself have a free day I always feel so guilty bc I know I should be doing stuff. Does this happen to anyone else? Need to know so I can feel less guilty,2026-02-25T19:48:51.223Z,30,0,🟢
women's lax defense please help the goalie🫩 she can't stop everybody,2026-02-25T19:29:57.783Z,42,1,🟢
You buffoons were really paying $8-$10 for coffee,2026-02-25T19:12:47.478Z,22,1,🟡
Let’s start a riot,2026-02-25T18:37:47.266Z,13,1,🟡
The coffee truck left????,2026-02-25T18:10:58.371Z,1,1,🟢
Does anyone know what’s on Dr Brown’s Intro to Creative Writing midterm⁉️,2026-02-25T17:39:33.437Z,4,1,🟢
they have got to put me down like a dog,2026-02-25T17:29:41.842Z,46,1,🟢
are housing sign ups in person this year?? or just online like they’ve always been,2026-02-25T17:23:43.976Z,13,1,🟢
My uncle’s neighbor’s sisters in law’s step father’s left nut works for Erie PD and ThErE rAiDiNg SulliEs tHiS wEeKeNd,2026-02-25T16:36:43.771Z,21,1,🟢
easiest science credit???,2026-02-25T16:28:56.894Z,3,1,🟢
I love you 2nd floor Zurn shitting bathroom,2026-02-25T16:19:01.434Z,18,1,🟡
Ppl who are not local who’s your faculty mom/ dad on campus,2026-02-25T15:49:11.237Z,17,1,🟢
Everyone get to Ryan rn roaming bean is here‼️‼️,2026-02-25T14:13:56.471Z,40,1,🟢
coffee truck on briggs 10/10,2026-02-25T13:53:32.216Z,52,1,🟢
I look disgusting BUT i have to because spring break is right around the corner 😜😜,2026-02-25T13:51:51.086Z,28,0,🟢
why the fuck are they bashing around outside at 5 in the morning waking everyone up,2026-02-25T10:38:11.103Z,22,0,🟡
guys will be the one to break up with you and then stare at you from across the room for the rest of your life,2026-02-25T06:50:04.052Z,107,1,🟢
!!!!!!!!!!!!!!!!,2026-02-25T05:04:09.381Z,17,1,🟢
Is this car like broken? I genuinely don’t understand.,2026-02-25T04:37:50.281Z,29,0,🟢
wassup wit this school and car alarms,2026-02-25T04:37:13.080Z,33,1,🟢
aim girl with the high heels needs to take a moment to realize no one gives a shit about what she has to say. i can feel my brain cells die every second she talks (no it’s not because she’s in aim but that’s the only way i can describe her so yall know),2026-02-25T03:57:05.995Z,51,0,🟢
yo who had the dogs called on em,2026-02-25T03:10:59.051Z,38,1,🟢
Yo ICE on campus with dogs,2026-02-25T02:38:21.897Z,5,1,🟢
"If we are in a 9:30am class, for the love of everyone sitting near you, brush your teeth. My body literally convulses every time you opened your mouth bro. I know you can smell it too",2026-02-25T02:33:11.950Z,46,1,🟢
"I fear that this wouldn’t work for me. One piece of clothing off of that man and I’m jumping his bones, I’m obsessed.",2026-02-25T02:25:21.419Z,46,1,🟢
Labor Day 2025 was the most memorable day on YikYak,2026-02-25T02:07:49.084Z,5,1,🟢
anyone know what swipe has tn 😋,2026-02-25T01:40:59.742Z,1,1,🟢
do mu students have to buy tickets to laker showdown?,2026-02-25T00:46:06.523Z,17,1,🟢
Sorry! Has anyone taken ethics with Pyne. How is it? She’s not on rmp,2026-02-24T22:36:11.009Z,1,1,🟢
"My class crush thinks about me outside of class, when I found that out I was about ready to propose!!!!!",2026-02-24T22:21:46.281Z,28,1,🟢
"Time to get down tonight, who wants to?",2026-02-24T21:30:18.424Z,22,1,🟢
IMPORTANT ‼️‼️‼️‼️‼️‼️‼️‼️Macroeconomics with J.Argaez or J.Spanogle?,2026-02-24T21:24:03.154Z,5,1,🟢
Inviting people over without telling your roommates is actually one of the most disrespectful things,2026-02-24T20:56:43.301Z,101,0,🟢
winner for laker showdown predictions?????,2026-02-24T20:17:13.198Z,10,1,🟢
I swear I see this kid wearing pajamas every time he is at mercyhurst. I have him in one class and everyday is in pajamas and comfy ass clothes. I wish I could be as comfortable as him.,2026-02-24T20:12:09.745Z,32,1,🟢
"Bro this sickness I have is making me feel stupid like I can’t obtain anything. If my grades plummet during this and next week, whoever got me sick I blame you",2026-02-24T19:37:13.976Z,20,0,🟢
"New study technique (for those with significant others): they quiz u and each one u get wrong u drop a piece of clothing and each one u get right they have to remove a piece of clothing. For partial credit they get to kiss you anywhere
What do we think?",2026-02-24T19:33:08.853Z,60,0,🟢
i had an absolute blast at the wellness fair,2026-02-24T19:23:37.014Z,9,1,🟢
Henry likes to use his hands too much,2026-02-24T18:12:42.075Z,25,1,🟢
What are mini B classes that ppl are taking that they are excited for or have taken before that they liked?,2026-02-24T18:10:42.147Z,3,1,🟢
We basically spend every day together please please please ask me to be your girlfriend already,2026-02-24T17:44:14.068Z,47,1,🟢
Does anyone know the proceeds of rejoining the school after leaving it at first and how hard it is to connect with people?,2026-02-24T17:39:58.295Z,9,1,🟢
Do we have to retake the id photo if we lose our id,2026-02-24T17:01:00.469Z,6,0,🟢
What is this sickness going around I’m absolutely dead,2026-02-24T16:13:09.079Z,10,0,🟢
why be an ra just to be a complete douch just do your job and act happy,2026-02-24T15:59:31.145Z,40,1,🟢
Love sitting in the chapel between classes.,2026-02-24T15:57:37.651Z,35,1,🟢
"what’s w mercyhurst exs and their lack of the ability to mind their own fuckin business, they be so in yours you can feel their eyes in the back of your fuckin head",2026-02-24T15:56:28.810Z,31,1,🟡
crying in the bathroom before class because fuck this school,2026-02-24T15:33:30.866Z,60,0,🟡
they always come back…,2026-02-24T15:24:00.565Z,23,1,🟢
I'm NOT wearing a bra today.,2026-02-24T15:09:28.828Z,65,1,🟢
I know Dr. Foulk is telling EVERYONE he knew he was a creep before the file drop,2026-02-24T14:51:49.608Z,115,0,🟢
I’m grottomaxing and lakermogging,2026-02-24T14:31:52.528Z,6,1,🟢
We are gonna beat you with hammers campus krampus you unjolly piece of shit,2026-02-24T13:56:56.786Z,10,0,🟡
"Whoever does the duck hiding thing, can you keep hiding them???? I need more",2026-02-24T13:54:46.482Z,65,1,🟢
NEW HIGH FIVE SONG OUT NOW GO LISTEN @highfivebeats on insta,2026-02-24T13:46:10.273Z,4,1,🟢
Heard a raid at sullys is coming this weekend,2026-02-24T13:12:45.998Z,20,1,🟢
Another day of dining hall goyslop,2026-02-24T12:52:15.659Z,30,1,🟢
Shaving the chocolate starfish in the McAuley showers should be an Olympic Sport,2026-02-24T03:53:04.214Z,5,1,🟢
How can i pray for anyone today! No matter how big or small i want too! (:,2026-02-24T03:50:58.353Z,50,1,🟢
"how do i tell my ex i wanna get back together after i broke up with them, only hypothetically tho",2026-02-24T03:24:18.345Z,29,0,🟢
Be kind to yourself you can do this❤️,2026-02-24T02:43:19.789Z,64,1,🟢
"please reach out again, the kids still miss you",2026-02-24T02:26:07.389Z,40,0,🟢
Might have fumbled fr,2026-02-24T02:07:12.579Z,33,1,🟢
no hot water 😪,2026-02-24T02:02:23.434Z,7,0,🟢
chatroom what's swipe this week,2026-02-24T01:31:21.361Z,3,1,🟢
Platte grades are back! Who failed? (Everyone),2026-02-24T01:13:02.135Z,6,0,🟢
"Having a beer at the end of the dock with a cigar, while watching the sunset is calling my name rn (I need summer like NOW)",2026-02-24T01:03:34.471Z,58,1,🟢
Anyone else get rude service from that guy at the daily dish? Rude AF,2026-02-24T00:39:16.632Z,32,0,🟢
why’s today depressing for absolutely no reason,2026-02-23T23:31:38.239Z,153,0,🟢
Are we voting for msg president and vp?,2026-02-23T23:24:46.065Z,21,1,🟢
"this school is a fucking waste of money, you could be spending less money to go to a much nicer state or bigger school and a better area. holy fucking shit i made the biggest mistake of my life.",2026-02-23T22:15:11.820Z,96,0,🟡
What capstone ethics profs are good??,2026-02-23T21:12:30.093Z,10,1,🟢
How long is long enough to take someone’s stuff out of a washer/dryer?,2026-02-23T20:42:19.008Z,3,1,🟢
Is there a stomach bug going around campus? Cus I’m not feeling too good…,2026-02-23T20:13:58.830Z,59,1,🟢
2 weeks till spring break!,2026-02-23T19:37:09.589Z,56,1,🟢
One more period till spring break,2026-02-23T19:36:42.467Z,54,1,🟢
group yak match is probably just gonna match me with my roommates because we're all the exact same person 😭,2026-02-23T19:34:58.098Z,1,1,🟢
Why is fire department doing checks in Ryan rooms,2026-02-23T19:32:32.087Z,4,1,🟢
Me too 💜,2026-02-23T18:57:38.474Z,11,1,🟢
Are cops/fire department doing room checks in Ryan?,2026-02-23T18:42:16.438Z,18,1,🟢
Any places I can get a spray tan in Erie and not turn out orange? Please help a girl out,2026-02-23T18:12:27.142Z,-2,1,🟢
MM have my vote (Margaret and Maddie),2026-02-23T17:51:11.319Z,46,1,🟢
Can anyone leak the new upperclassman living options 🙏🏼,2026-02-23T17:50:05.654Z,23,1,🟢
Did anyone find a black cover five subject notebook in the student union great room? It’s my roommates,2026-02-23T16:57:14.148Z,1,1,🟢
"Love it when I try to print something and the printer just decides “No.” Like okay there’s nothing fucking wrong with you, print the damn paper.",2026-02-23T16:17:25.977Z,70,0,🟡
Police and Safety checks in Baldwin,2026-02-23T15:26:46.130Z,27,1,🟢
i’m convinced that amazon isn’t actually the problem and the mailroom just doesn’t know what they’re doing,2026-02-23T15:20:14.584Z,126,0,🟢
What happening to the other msg president ED,2026-02-23T15:20:11.391Z,1,1,🟢
why are there 5 cops knocking on doors for room inspections in baldwin??,2026-02-23T15:09:11.676Z,14,1,🟢
Anyone know why the police department is in Baldwin checking rooms???,2026-02-23T15:00:39.621Z,29,1,🟢
Snow jumpscare,2026-02-23T13:15:46.993Z,47,1,🟢
I hate the bottom of bagels,2026-02-23T12:51:12.794Z,3,0,🟢
anyone wanna be on a co-ed intramural volleyball team???,2026-02-23T12:03:29.633Z,8,1,🟢
guys we’re fucked…friday march 13th 2020 is when covid started and next month is friday march 13th 2026,2026-02-23T05:57:01.371Z,60,1,🟡
"to the two men (one riding a bike, the other with a usa hockey jersey) outside of briggs/lewis near 38th street: what were y’all doing?! 

with love,
the two girls watching your antics with so many questions",2026-02-23T05:08:09.273Z,29,1,🟢
are boudreau’s oral french exams hard or any tips to prepare for them well,2026-02-23T05:00:36.719Z,6,1,🟢
Bring volleyball season back,2026-02-23T04:49:23.837Z,11,1,🟢
average grotto meal,2026-02-23T04:13:20.228Z,74,1,🟢
"Top 3 crackable presidents:
1.) JFK
2.) Ronald Reagan
3.) Joe Biden (iykyk)",2026-02-23T03:58:22.394Z,16,1,🟢
I need money asap bro,2026-02-23T03:43:01.993Z,1,1,🟢
hot girls have stomach issues,2026-02-23T03:40:41.735Z,72,0,🟡
snow day tmrw guys trust,2026-02-23T03:06:16.819Z,16,1,🟢
giving up lent for lent,2026-02-23T03:02:59.075Z,25,1,🟢
God if the snow causes work to be canceled tomorrow and possibly for the rest of the week I swear I will be the holiest woman on Earth for lent,2026-02-23T02:56:04.960Z,17,1,🟢
IT'S ANOTHER WEEK AHHHHHHHHHHH,2026-02-23T02:51:21.836Z,54,1,🟢
Is there anybody who is looking for a roommate to live with in ryan next year girl btw,2026-02-23T02:45:30.459Z,13,1,🟢
false springs are my tenth reason cause wdym it’s gonna be 14 degrees tmw 🫩,2026-02-23T02:24:51.240Z,62,0,🟢
since big tex beat the beast is he the new beast,2026-02-23T02:20:46.885Z,15,1,🟢
mercyhurst wifi. my mortal enemy.,2026-02-23T02:08:22.674Z,23,1,🟢
If that fuckass craveable app lies about having ground beef one more time istg,2026-02-23T01:54:46.293Z,38,0,🟡
how u going to hangout with the same ppl who prove over and over they aren’t worth it get a grip 😭,2026-02-23T00:28:56.185Z,38,1,🟢
I’m panicking because I have an application due soon and idk if the professors I asked have written or sent the letters of rec they agreed to. I’m spiraling because it’s out of my control and I don’t want to seem insane by asking them if they’ve done it,2026-02-23T00:20:39.416Z,18,1,🟢
Now why the hell are we using the dryer for 2+ hours on the same load on Lewis,2026-02-23T00:06:48.980Z,19,0,🟢
A portion of proceeds goes to charity,2026-02-22T23:47:08.127Z,-2,1,🟢
Nvm guys he turned out to be weird and creepy and obsessed with me. fml,2026-02-22T22:45:44.010Z,47,0,🟢
Women’s soccer.,2026-02-22T22:28:17.270Z,7,1,🟢
why do all the fine men go to grotto when I’m looking a mess like I promise I’m not ugly,2026-02-22T22:25:12.244Z,20,1,🟢
Can someone break down what’s going on with housing for next year???,2026-02-22T22:18:34.881Z,8,1,🟢
lowkirknuinely a crime that 501 is closed on the weekends,2026-02-22T22:07:56.195Z,98,1,🟢
say ahhhhhhhhh,2026-02-22T20:38:57.951Z,29,1,🟢
Hear me out…,2026-02-22T18:05:37.786Z,35,1,🟢
if i see u spit ur zyn out on campus it’s on site. fucking nasty ass weirdos,2026-02-22T18:04:23.977Z,72,0,🟡
Did they send a housing email out i didn’t get one,2026-02-22T17:43:57.330Z,20,1,🟢
when is housing due?? like when do we officially have to choose who we live with,2026-02-22T17:31:16.146Z,11,1,🟢
what's the housing portal?,2026-02-22T17:05:49.616Z,1,1,🟢
All the new housing option for upperclassmen is to live in Baldwin or McAuley alone. They’re just making it a formal option to chose off the back since they can’t fill those rooms.,2026-02-22T16:54:42.840Z,20,0,🟢
Canada is a sorry ass country 😹😹😹😹 ROLL MERICA 🇺🇸🇺🇸🇺🇸 Always hockey country ✌️✌️,2026-02-22T16:54:02.557Z,53,0,🟡
WHAT THE FUCK IS A KILOMETER,2026-02-22T16:35:03.711Z,35,0,🟡
Junior girl looking for roommates for next semester preferably want to live in Lewis DM if interested,2026-02-22T16:24:16.337Z,8,1,🟢
fuck canada oml,2026-02-22T16:24:08.441Z,17,1,🟡
Hughes brothers own OT,2026-02-22T16:21:31.519Z,29,1,🟢
America has 51 states today,2026-02-22T16:20:22.788Z,63,1,🟢
🚨USA MENS HOCKEY GOLD🚨 Nothing like Canadian tears! Suck it 51st State! 🥇🗣️🗣️🗣️🔥🔥🔥,2026-02-22T16:19:05.652Z,68,1,🔴
new housing options?,2026-02-22T16:13:29.279Z,11,1,🟢
🇺🇸,2026-02-22T16:12:02.283Z,114,1,🟢
CUE FREE BIRD,2026-02-22T15:53:59.170Z,115,1,🟢
What happened at sully’s? I live under a rock fr.,2026-02-22T15:22:43.739Z,3,1,🟢
Football players try not to smoke weed literally all day challenge impossible,2026-02-22T14:46:26.966Z,16,1,🟢
RISE N SHINE BITCHES ITS CANADA VS USA,2026-02-22T12:51:03.817Z,22,1,🟡
fake spring is over 😢,2026-02-22T12:28:24.902Z,60,1,🟢
3:16 am,2026-02-22T08:16:29.224Z,87,1,🟢
I’m disappointed in you sullies 💔,2026-02-22T07:38:45.372Z,39,0,🟢
yo up outside lewis,2026-02-22T07:00:11.767Z,11,1,🟢
Gonna fuckin end it atp,2026-02-22T06:05:14.211Z,1,0,🟡
Boycotting Sullivans,2026-02-22T05:23:05.211Z,57,1,🟢
Warde townhouse #7 the move!!! Everyone side NOW!!!!!!,2026-02-22T05:02:17.207Z,13,1,🟢
warde townhouse 7 let’s goo!! FREE SHOTS! BOTTLES OF TITOS!!!,2026-02-22T05:01:01.107Z,22,1,🟢
WARDE TOWNHOUSE 7!!!!,2026-02-22T04:53:44.108Z,15,1,🟢
warde townhouse 7!!!,2026-02-22T04:48:15.352Z,15,1,🟢
warde townhouse 7 let’s turn up!!!,2026-02-22T04:48:06.679Z,14,1,🟢
Slide townhouse 7!!!! Football house 12:15 Fuck sullies,2026-02-22T04:42:17.194Z,14,1,🟡
House party warde town house 7!!!!!12:15,2026-02-22T04:40:45.682Z,10,1,🟢
WARDE TOWNHOUSE 7!!! TMUUU!! everyone slide!!!,2026-02-22T04:40:18.250Z,17,1,🟢
Sullies is turning all guys down,2026-02-22T04:31:48.973Z,15,1,🟢
max ingerman caught pounding fat torta in warde ‼️‼️,2026-02-22T04:30:53.721Z,24,1,🟢
Sullys really cracking down,2026-02-22T04:19:27.071Z,17,1,🟢
Sullies dead bro,2026-02-22T04:16:39.393Z,35,0,🟢
"guys they are turning away EVERYONE with a fake at sullys, unless it’s a top notch fake, and they are also quizzing you on your ID. wow",2026-02-22T04:15:35.877Z,34,1,🟢
Sullies is packed rn bro,2026-02-22T04:03:06.483Z,-3,1,🟢
Rager at mercy apartment 200!!! 🚨🚨🚨Free shots to baddies!!!,2026-02-22T03:44:25.847Z,7,1,🟢
I’m here mate,2026-02-22T03:39:14.404Z,1,1,🟢
What just happened at sullivans??,2026-02-22T03:38:58.629Z,-1,1,🟢
is sullies genuinely letting people in,2026-02-22T03:37:52.914Z,10,1,🟢
sullies tn!!! you’ll be fine,2026-02-22T03:33:50.195Z,15,1,🟢
"to the one at swipe that gave me perfect portions, i kiss you",2026-02-22T03:32:15.506Z,11,1,🟢
Pop out at sullys tn?,2026-02-22T03:25:12.477Z,16,1,🟢
GUYS its last 9 and NO ONE is here wtf at warde townhouse #4,2026-02-22T03:19:51.381Z,5,0,🟢
I feel like a complete unknown when I can’t find a job,2026-02-22T03:00:20.125Z,4,1,🟢
"Say fort 
Now say it three times 

What do you eat soup with?",2026-02-22T02:46:06.618Z,3,1,🟢
some of you need to learn to turn your music the FUCK down… I’m talking to you room 339,2026-02-22T02:37:00.586Z,-2,1,🟡
ok so sullies tonight or what??????,2026-02-22T01:40:42.999Z,37,1,🟢
@sullies do an all white diddy style party next weekend to honour manager drew,2026-02-22T01:38:11.949Z,23,1,🟢
Yeaaaaaahhhhh Sully’s tn,2026-02-22T00:55:22.518Z,31,1,🟢
Basketball W win. That means I think we should all give sullies a good one tonight,2026-02-22T00:25:54.422Z,49,1,🟢
where we goin tn lakers?,2026-02-21T23:57:50.071Z,20,1,🟢
wsoc throwing ton?,2026-02-21T23:23:28.965Z,11,1,🟢
Is lax throwing tn? Please save us🙏🙏,2026-02-21T23:12:17.025Z,12,1,🟢
"Am I the only one whose Yak match never replied to them, I sent them a message 24 hours ago and I’ve yet to get a response :(",2026-02-21T22:31:50.096Z,6,0,🟢
Mate last night was classs,2026-02-21T22:26:31.674Z,8,1,🟢
football shaking ass with the dance team was the highlight of my weekend,2026-02-21T22:16:55.960Z,72,1,🟡
i loved the halftime show today!!,2026-02-21T21:56:39.358Z,84,1,🟢
Weirded out my yak match and all I did was ask questions to get to know them lol,2026-02-21T21:49:45.989Z,6,1,🟢
Just saw the Mercyhurst frame mogger at grotto,2026-02-21T21:44:39.001Z,15,1,🟢
Warde townhouse #4 throwing tn at 9 be there!!,2026-02-21T21:35:00.802Z,15,1,🟢
Desean Jackson Jr😤,2026-02-21T21:34:11.286Z,32,1,🟢
Qadir Martin💪🏽,2026-02-21T21:33:33.860Z,51,1,🟢
Both basketball teams won!! Lakers better be outside tonight,2026-02-21T21:33:02.750Z,62,1,🟢
fuck police and safety stupid fuckers gave me a fucking ticket,2026-02-21T21:05:11.081Z,5,0,🟡
Please Sullivans tn.,2026-02-21T20:42:10.713Z,37,1,🟢
having a commuter bf is great i actually get good food,2026-02-21T20:30:55.153Z,15,1,🟢
bullying your autistic roommate is not cute.,2026-02-21T19:52:49.311Z,23,0,🟢
Sullies tn. Manager is gone,2026-02-21T19:50:38.780Z,-1,1,🟢
So am I a rebound or does he like me,2026-02-21T18:23:07.534Z,27,1,🟢
Yo can the mf with the silver Mustang stop reving his shit at 9 AM,2026-02-21T16:40:38.531Z,37,1,🟡
Another car alarm.,2026-02-21T16:36:36.020Z,6,1,🟢
was sullies fine last night??,2026-02-21T16:15:10.522Z,6,1,🟢
can’t wait to gtfo of here,2026-02-21T15:51:44.018Z,16,1,🟢
Testing my limits with yak match,2026-02-21T15:44:26.910Z,5,1,🟢
Choose wisely,2026-02-21T14:35:36.016Z,9,1,🟢
What would u rather have?Gotta prove my hb wrong,2026-02-21T12:12:06.803Z,4,0,🟢
0 mlax is in the epstein files i heard,2026-02-21T11:04:34.928Z,27,1,🟢
THAT DAMN CAR ALARM AGAIN MAKE IT STOP ITS 2AM,2026-02-21T06:50:10.313Z,11,1,🟡
I want my roommates cat to bite our suitemates ankles already…,2026-02-21T05:20:14.906Z,18,1,🟢
Why is there a plastic bag of pads next to our kitchen sink…,2026-02-21T04:44:16.037Z,17,1,🟢
Men’s golf team is by far the best men’s team on campus. Love them,2026-02-21T04:05:55.255Z,6,1,🟢
who’s the best prof to do ethics capstone for?? only prof i know who i like from that realm is von thaden and he’s not holding a section… help!,2026-02-21T03:54:59.921Z,7,1,🟢
FUCK PEARSON!!!!!!!!!!!!,2026-02-21T03:37:49.096Z,28,1,🟡
where should i go tonight?,2026-02-21T03:31:45.331Z,8,1,🟢
Shooting my shot with my friend match this week,2026-02-21T03:20:46.117Z,17,1,🟢
ESPORTS ESPORTS ESPORTS,2026-02-21T02:59:59.552Z,14,1,🟢
Warde townhouses #4,2026-02-21T02:43:32.064Z,12,1,🟢
Men’s soccer it’s throwing !!,2026-02-21T02:42:31.157Z,23,1,🟢
!!BREAKING: Donald Platte has been found multiple times on the Epstein Files!!,2026-02-21T02:28:19.938Z,16,1,🟢
Hey whoever keeps asking for breakfast later on the mercyhurst dining page fuck you that’s by far their worst meal and we don’t want more breakfast for lunch and dinner,2026-02-21T02:03:23.416Z,67,0,🟡
NO WAY it’s snowing again?!?! What’s up with ERIE PA mane?,2026-02-21T01:36:50.971Z,29,1,🟢
only takes one man to change a girl forever btw,2026-02-21T01:31:38.072Z,50,1,🟢
What’s swipe tn,2026-02-21T01:18:33.350Z,0,1,🟢
Do I have to put my ninnies on the glass for our hockey team to kiss ⁉️⁉️⁉️⁉️⁉️⁉️,2026-02-21T01:16:17.747Z,47,1,🟢
TURN THE FUCKING ALARM OFF,2026-02-21T01:13:18.253Z,19,1,🟡
I’m about to slashes their tires if they don’t turn their alarm off,2026-02-21T01:11:15.237Z,22,1,🟢
anyone know a good place to get ur nails done? 💅,2026-02-21T00:50:17.456Z,3,1,🟢
little saint james here i come!,2026-02-21T00:46:49.901Z,0,1,🟢
I ain’t even do this match and it matched me,2026-02-21T00:10:46.080Z,3,1,🟢
"constant flirting with me and this guy in class, how do i get him to ask me out chat",2026-02-21T00:00:52.692Z,1,1,🟢
CANADA HERE WE COME,2026-02-20T22:41:44.876Z,11,1,🟢
just got yak matched,2026-02-20T22:13:05.935Z,67,1,🟢
WHOS GOING TO SULLYS,2026-02-20T21:15:56.273Z,17,1,🟢
"Just bought this, $14 for 4 beers, I better be able to taste Luke the laker through it",2026-02-20T21:00:50.071Z,44,1,🟢
s/o my yak match for replying to me right away lol we were in a stalemate,2026-02-20T20:54:11.982Z,41,1,🟢
Yik yak match dropped 🔥,2026-02-20T20:45:36.953Z,8,1,🟢
Ryan 4th floor is it that hard to pull the lint out of the dryer it takes like two seconds,2026-02-20T20:44:18.098Z,15,1,🟢
This WiFi is so ass bro,2026-02-20T20:36:29.830Z,1,0,🟡
Who parked like this ?,2026-02-20T20:13:06.819Z,24,1,🟢
Who th hell from Warren PA,2026-02-20T19:46:41.809Z,30,1,🟡
Clockey throwing tn. Be here or not. I don’t really care,2026-02-20T19:07:44.016Z,11,1,🟢
I fucking love trying to play the game and I’m at a steady fucking 2000 ping,2026-02-20T19:06:42.836Z,15,1,🟡
I can smell some of you from a mile away,2026-02-20T16:26:26.181Z,40,1,🟢
can the health center give me a note for missing a class due to illness?,2026-02-20T16:03:31.839Z,9,1,🟢
yoo I just saw someone fall down the stairs in old main,2026-02-20T16:00:52.736Z,157,1,🟢
"If you witnessed me fall down the stairs of old main, no you didn’t",2026-02-20T15:59:00.730Z,148,1,🟢
if yak friend match works today i’m telling ppl we met at a farmers market,2026-02-20T15:57:37.754Z,68,1,🟢
Genuine question because I don’t think I’ve met a single person who does….Do you like Mercyhurst?,2026-02-20T14:52:05.930Z,8,1,🟢
I love being told how stupid we are as a class after an exam in an 8am lecture.,2026-02-20T13:08:28.492Z,28,0,🟡
does hurst do saint paddy’s or are we lame with that too,2026-02-20T13:08:16.159Z,32,1,🟢
Im gonna get shit on for saying this but DO NOT PULL ALL NIGHTERS. They really don't work as well as u hope. U need sleep to process information. Study early in the morning after sleep so u at least have energy for them exam.,2026-02-20T05:10:51.909Z,40,0,🟡
Does anyone else in ryan not have any hot water?,2026-02-20T03:31:07.569Z,8,1,🟢
"I’m very happy Mark Zuckerberg was grilled in Congress for the way he operates his social media platforms. However, I think they should have went farther and addressed the mental health issues that they cause and demand that the platforms share algorithms",2026-02-20T03:30:05.457Z,12,1,🟢
"anyone that went to sullys tonight, were they strict?",2026-02-20T03:19:01.171Z,14,1,🟢
RIP to my baby daddy😭,2026-02-20T02:55:48.983Z,120,1,🟢
Bro how much of an idiot do you have to be to let your car alarm go off all day from 5 am,2026-02-20T02:53:59.841Z,70,0,🟡
My favorite thing is when Matt gives me two green beans and says cheers like he didn't just give me two fucking green beans,2026-02-20T02:49:37.423Z,88,1,🟡
baddie in grotto today,2026-02-20T02:48:56.936Z,20,1,🟢
eric dane died,2026-02-20T02:39:50.186Z,14,1,🟢
Seahawks assistant coach,2026-02-20T02:29:26.008Z,45,1,🟢
seahawks were rude asf FUCK that team holy shit and annoying as hell,2026-02-20T02:26:49.608Z,30,0,🟡
Im going to be putting baby chicks (plastic ones) around hurt tomorrow. Keep a eye out.,2026-02-20T02:17:01.688Z,21,1,🟢
Schneider trucks sounds like something you’d see in a Dan Schneider show since everything in those shows are named after him,2026-02-20T01:49:46.660Z,4,1,🟢
Why are my ex and I casually texting rn,2026-02-20T00:29:50.710Z,6,1,🟢
ryan shower with no hot water is a top 3 worst experience,2026-02-19T23:18:41.956Z,35,0,🟢
Why the fuck is there no hot water,2026-02-19T22:54:07.566Z,5,0,🟡
if anyone finds an id pls give it to police and safety,2026-02-19T21:48:00.990Z,13,1,🟢
"Been feeling depressed, had to dust off this gem.",2026-02-19T21:33:32.502Z,12,0,🟢
USA USA USA,2026-02-19T20:56:08.990Z,20,1,🟢
Why is Alice In Chains so good?,2026-02-19T20:48:14.752Z,44,1,🟢
is everything about sullys true? should we pop out this weekend or nah,2026-02-19T20:42:52.402Z,-3,1,🟢
the day before a concert youve been waiting for for months im shaking with excitement rn,2026-02-19T20:28:05.338Z,20,1,🟢
Real question: Why the fuck do you guys respond to a discussion post that already has 7 replies yet there are multiple other posts with no replies at all,2026-02-19T20:27:26.537Z,54,0,🟡
is sullies the move this weekend???,2026-02-19T20:24:44.727Z,32,1,🟢
anyone know where i can get a lobotomy,2026-02-19T19:48:03.169Z,96,1,🟢
y'all not ready for my battle of the bands set,2026-02-19T19:18:17.177Z,14,1,🟢
if anyone finds a silver flower bracelet help a gal out,2026-02-19T18:48:16.197Z,6,1,🟢
matt is out here serving kids meals to college students,2026-02-19T18:46:58.538Z,57,1,🟢
What happened to the hot water in Ryan? I wanted to bake myself in the shower,2026-02-19T18:46:40.026Z,6,1,🟢
What is that annoying sound up by Briggs hall? It’s been going on since yesterday,2026-02-19T18:45:47.434Z,1,0,🟢
do suitemates ever shut the fuck up,2026-02-19T18:44:13.994Z,3,0,🟡
"grotto needs to be more careful with labeling their food and desserts, especially with things containing nuts. it’s one of the most severe allergies to have and to mislabel something is really irresponsible on their end.",2026-02-19T18:39:57.620Z,63,1,🟢
Whomever is playing clocks on the piano by Coldplay you are absolutely having me ascend to heaven,2026-02-19T17:57:08.074Z,54,1,🟢
That Canadian on the football team is so annoying,2026-02-19T17:18:30.558Z,21,0,🟢
using yak match unironically because it is getting to that point,2026-02-19T16:54:48.153Z,86,1,🟢
doing girlfriend responsibilities on a situationship budget 😒,2026-02-19T16:24:53.442Z,71,1,🟢
Is Platte the only CIS-220 teacher? (Computer Org),2026-02-19T15:23:27.746Z,9,1,🟢
it’s actually so funny how some of yall will claim to be children of god yet are also trump supporters,2026-02-19T14:55:31.816Z,126,1,🟢
Whoever’s car alarm has been going off for the past 5 hours I hope you get hit by a car,2026-02-19T14:33:25.200Z,46,0,🟡
Too much love not enough hate,2026-02-19T14:30:05.787Z,28,1,🟢
Campus looks like silent hill,2026-02-19T14:29:04.662Z,72,1,🟢
White Honda CRV on Wayne stfuuuu,2026-02-19T14:28:54.061Z,19,1,🟢
i forgot how big sidewalks were,2026-02-19T14:26:16.626Z,82,0,🟢
"If you saw me literally fall out of my boot leaving old main, no you didn’t.",2026-02-19T14:08:36.222Z,24,1,🟢
Baldwin what you want to wake up to today!!! 8am lift😁,2026-02-19T12:54:14.973Z,28,1,🟢
oh my GOD. I’m going to crash the fuck out guys. I’m so close to going outside and smashing up that car,2026-02-19T12:44:27.890Z,21,0,🟡
who’s fuck ass car alarm is going off by townhomes bro cmon,2026-02-19T12:32:05.113Z,70,1,🟡
Whoever’s car alarm that has been going off SINCE 5am shut it tf upppppp I’m actually abt to crash out.,2026-02-19T12:31:26.155Z,73,0,🟢
TURN OFF UR FUCKING CAR ALARM GOD,2026-02-19T10:55:58.626Z,46,1,🟡
W car alarm at 5:30am,2026-02-19T10:29:16.333Z,35,1,🟢
"“Hi welcome to Taco Bell.” “Ok lemme get the bbq bacon burger.”
 “We don’t have that.” 
“Wtf you have then.”
 “Da Saturn burger.”",2026-02-19T06:16:45.375Z,0,1,🟢
Fat bitch stole my ice cream in Baldwin,2026-02-19T04:32:12.169Z,55,0,🟡
who up yiking their yak,2026-02-19T03:51:26.643Z,23,1,🟡
need a hot makeout sesh with my campus crush rn,2026-02-19T03:10:12.310Z,68,1,🟢
Guys if a girl has a picture with her bf anywhere on any social media just don’t add her anywhere that just shows the kind of person you are,2026-02-19T02:54:37.591Z,27,1,🟢
anyone else get so comfy in your blankets you start kickin your feet,2026-02-19T02:41:08.659Z,109,1,🟢
"Whoever took up three washers and then proceeded to take up three dryers in duval for very few clothing items, don’t you know that upwards of 96 people also use them?",2026-02-19T02:15:38.823Z,20,1,🟢
To the lax guy that stopped his teammates mid walk coming back from practice so I could get to into my building THANK YOU!,2026-02-19T02:01:26.586Z,18,1,🟢
So who’s throwing this weekend since sullys ain’t the move?,2026-02-19T01:20:38.399Z,23,1,🟢
who invited carl from san francisco rn,2026-02-19T00:20:45.865Z,5,1,🟢
going to classes and then taking a lovely nap after,2026-02-18T22:48:59.655Z,129,1,🟢
My roommate is a nightmare 😭they just got mad at me for typing too loud while they were trying to nap… I have a paper to write bitch,2026-02-18T22:29:14.019Z,30,0,🟡
Can someone explain Sullivans situation,2026-02-18T20:48:36.024Z,37,1,🟢
Never mind I don’t want to be a nurse. Taking applications for new majors,2026-02-18T20:41:46.359Z,45,0,🟢
JACCCCCOBS is gonna be so hot on stage for laker showdown  because he’s the big scary host 🤭😝😝,2026-02-18T20:39:43.186Z,7,0,🟢
Who in baldwin is smoking that za and don't even have the courtesy to share smh,2026-02-18T20:30:32.609Z,34,0,🟢
so much negativity on the yak… spread love fellas,2026-02-18T20:29:44.712Z,30,1,🟢
Sullies this sullies that is so cringe😂😂🥀 such a trash bar it makes me giggle how people talk about it like it’s Jerusalem,2026-02-18T20:29:26.972Z,26,1,🟢
That new quarterback has such a huge ego,2026-02-18T20:29:24.088Z,25,1,🟢
Hmmmm have u ever tried the tutoring center?,2026-02-18T20:15:08.321Z,30,1,🟢
Brian Sheridan is the best dude the Hurst has,2026-02-18T20:09:10.787Z,54,1,🟢
Any females looking for a roommate to have in Ryan next semester?,2026-02-18T19:35:15.651Z,-1,1,🟢
Anyone else in Ryan have no hot water,2026-02-18T19:16:45.706Z,23,1,🟢
I heard you can get unbanned from sullys if you send the manager a dick pic?? This true or what,2026-02-18T19:07:51.876Z,53,1,🟡
Sullies friday???,2026-02-18T19:01:18.781Z,27,1,🟢
"I just got videos sent to me of snapchats sent by Drew Schultz, manager of Sullivans, asking for a nude video in return for money from a customer. And yall still wanna party at Sullys smh",2026-02-18T18:53:01.134Z,47,0,🟢
Actually a bit excited for Yak match friday. Not romantically. But I hope to meet some new people to become friends,2026-02-18T18:37:24.421Z,91,1,🟢
I work at sullivans and there’s too much propaganda on this app. Sullys is fine !!!,2026-02-18T18:25:14.330Z,17,1,🟢
There’s nothing wrong with sullies!!!!!!!!! I am the managers cousin I would know!!!!!!! All drinks are 50% off all weekend!!!!,2026-02-18T18:25:10.613Z,9,0,🟢
Sully’s this weekend!!!! Gonna be a movie,2026-02-18T18:23:11.332Z,12,1,🟢
Can people on Lewis please pick up their shit after their dogs? I’ve almost stepped in three piles,2026-02-18T16:53:22.751Z,31,1,🟡
NEW SULLIES UPDATE ‼️‼️,2026-02-18T16:44:32.790Z,115,1,🟢
I also heard the owner of Sullys knew about all of the sexual harassment and drugging??? Anyone know if this is true????,2026-02-18T16:37:20.462Z,24,0,🟢
"Hey pal, If you ever throw shade towards my boy chef Art’s cooking again…this will end very badly for you. He is The Grotto Goat",2026-02-18T16:32:47.241Z,11,0,🟢
Just because you write in all caps doesn’t mean I give two steamy shits,2026-02-18T16:25:18.964Z,14,1,🟡
Now who tf hit my friends car on Lewis and didn’t leave a note or anything. What is with you guys and being incapable of parking without hitting another car or leaving a large gap. Get it together 😒,2026-02-18T16:23:29.495Z,47,0,🟢
Did it just white knight the entire campus? Apologies it I misjudged your power,2026-02-18T16:18:41.621Z,21,1,🟢
more evidence came thru on sullys manager‼️‼️ if you have been a victim please come forward!!,2026-02-18T16:14:07.272Z,24,1,🟢
what time in morning does ryan stop serving omelettes,2026-02-18T15:39:19.703Z,10,1,🟢
you guys had 18+ years to develop your spatial awareness and some of yall don’t act like it,2026-02-18T15:22:10.879Z,101,1,🟢
how is everyone still wearing huge jackets 😭i'm wearing shorts and still sweating,2026-02-18T14:50:58.032Z,19,0,🟢
redmond be teaching to the three people who already know the material,2026-02-18T14:49:35.335Z,13,1,🟢
they be putting roids in them ryan grapes,2026-02-18T13:51:53.029Z,18,1,🟢
What if one day I just climbed to the top of Mount Everest and never climbed back down.,2026-02-18T13:40:29.867Z,22,0,🟢
to the guy yelling on Briggs…STFU. It’s not that hard to get your car out.,2026-02-18T06:12:44.279Z,14,0,🟢
If you’re the guy yelling on Briggs rn…I fucking hate you,2026-02-18T06:10:10.644Z,13,0,🟡
guys what is happening at sullivan’s 😭,2026-02-18T06:06:42.490Z,42,1,🟢
"wondering if my yak match is also home studying, looking out at the same stars I am🤔",2026-02-18T04:27:44.016Z,94,1,🟢
"Whoever threw out their Xbox one S on the lawn of Lewis, thanks for the 1TB HDD",2026-02-18T04:27:05.617Z,9,1,🟢
Sullivans is like eries own Epstein island.. and the manager is Epstein himself,2026-02-18T04:03:12.506Z,92,1,🟢
anyone else get free drinks by sending dick pics to the sullys manager or just me?,2026-02-18T04:00:29.247Z,18,1,🟡
"DO NOT GO SULLIVANS THIS WEEKEND. BOYCOT THE BAR, SHADY SHIT HAPPENING BEHIND THE SCENES RN. YOU DONT WANT TO BE THERE WHEN SHIT GOES DOWN.",2026-02-18T03:56:40.673Z,55,0,🟡
When do they turn the radiators off on Lewis? Its so unreasonably warm in my apartment,2026-02-18T03:38:46.682Z,13,1,🟢
Somebody come get yo gurl…and by girl I mean your fucking car alarm. Shits annoying asf,2026-02-18T03:17:57.493Z,24,0,🟡
for lent i think im just giving up,2026-02-18T03:17:29.945Z,123,1,🟢
the ryan hall slosher is at it again,2026-02-18T03:16:36.609Z,3,1,🟢
who’s car alarm has been going off for 5+ minutes…,2026-02-18T03:16:35.370Z,12,1,🟢
4009 RN!!!!!!!!!!!!!!!!!!!!! BIG RAGER FOR THE DUB!!!!!!!!!!! -Chase Petschke #0,2026-02-18T03:07:07.308Z,17,1,🟢
Should i call him no caller id?,2026-02-18T02:47:41.806Z,23,1,🟢
I love dancing around my room,2026-02-18T02:32:06.173Z,42,1,🟢
bro who’s that little boy that’s always in warde wearing red,2026-02-18T01:43:40.707Z,20,1,🟢
!!!!,2026-02-18T01:30:52.404Z,10,1,🟢
boycotting sullivans since its run by a man who solicits nude photos for free drinks and he gets to keep his job but everyone else got fired 🤪🤪,2026-02-18T01:30:18.654Z,94,0,🟢
"Heard that Sullivans is cleaning house, smh. Rip to my favorite bartenders, hope yall are doing okay out there",2026-02-18T01:13:55.573Z,28,0,🟢
this shit was so peak,2026-02-18T00:28:55.719Z,107,0,🟡
Appreciate Dr. Brown sm he let me take a quiz tmr instead of today,2026-02-17T22:40:17.209Z,21,1,🟢
The fucking plague got me,2026-02-17T22:06:14.089Z,26,1,🟡
LFG MLAX!! Woooo !!!,2026-02-17T22:04:42.370Z,5,1,🟢
Love me some bloody chicken at the grotto,2026-02-17T21:46:35.628Z,39,1,🟢
what’s the swipe at night @501 this week?,2026-02-17T21:41:15.257Z,1,1,🟢
Any cyber and intel majors already burned out?,2026-02-17T21:37:19.601Z,51,1,🟢
what's dinner at ryan tn,2026-02-17T21:35:06.826Z,14,1,🟢
"men grow a pair and ask me out pls, i refuse to be the man but yes i want you",2026-02-17T21:29:55.775Z,25,1,🟢
"The sun is shining in the sky, there ain’t a cloud in sight",2026-02-17T21:07:52.835Z,16,1,🟢
"the sun is shining, not a single white person cooked in the grotto today, and the side walks were cleared. today is a good day 😚",2026-02-17T20:07:26.605Z,88,1,🟢
did anybody find a keycard in ryan,2026-02-17T20:01:10.869Z,4,1,🟢
I’m so sick rn but I know my prof won’t excuse my absence,2026-02-17T19:17:10.668Z,20,0,🟢
What is film appreciation like with B. Sheridan?,2026-02-17T18:39:43.093Z,8,1,🟢
BALDWIN PUT A TIMER ON YOUR LAUNDRY HOLY SHIT,2026-02-17T18:27:49.268Z,2,1,🟡
she gon call me baby boo,2026-02-17T18:25:38.391Z,31,1,🟢
"And on the bottom of the pyramid, Sidney Rice. Pick up your dog’s shit.",2026-02-17T18:25:07.489Z,92,1,🟡
Platte test today 🥀,2026-02-17T17:26:10.922Z,42,1,🟢
“Well it all started when your grandma and I met on yak match”,2026-02-17T17:22:47.769Z,123,1,🟢
Good luck to all on the Platte test. You need 100% of your study power.,2026-02-17T17:09:15.461Z,44,1,🟢
Rip bros already ticketing Lewis,2026-02-17T13:51:04.773Z,3,1,🟢
Oooo I’m football players and I think it’s ok to stand in front of the cereal and toasted the whole time my omelet is being made so no one else can get breakfast oooo,2026-02-17T12:59:02.211Z,78,1,🟢
Petition to put red bulls in the drink vending machines,2026-02-17T12:51:05.586Z,81,1,🟢
I love going to the bathroom and as I push it pops my lower back,2026-02-17T11:50:01.897Z,14,1,🟢
The ungodly amounts of dog shit unearthed by the melting snow makes me happy I didn’t build a snowman,2026-02-17T06:25:13.213Z,41,1,🟡
Anyone got the Ryan hall bedroom wall paint color 😅,2026-02-17T06:23:48.075Z,14,1,🟢
don’t EVER talk about her that way…,2026-02-17T06:22:38.774Z,83,1,🟢
hi if you’re cute pls make sure you do yak match 🐸,2026-02-17T06:21:47.179Z,37,1,🟢
A movie just happened in the CVS,2026-02-17T05:29:24.440Z,1,1,🟢
Third floor of Baldwin actually stfu it’s 12:00am,2026-02-17T05:02:02.330Z,28,0,🟢
"end of 3rd floor hall of baldwin stop knocking on ur floor at midnight or whatevr ur banging on ur floor. you woke me up out of dead sleep. 
- neighbors below",2026-02-17T04:54:53.003Z,45,0,🟢
Would you rather,2026-02-17T04:11:22.968Z,11,1,🟢
Fuck you.,2026-02-17T04:10:15.886Z,19,0,🟡
3 more therapy sessions until spring break 🤭,2026-02-17T04:08:32.274Z,62,1,🟢
I miss the old Boomerang,2026-02-17T03:17:39.836Z,25,0,🟢
Can we stop honking our fucking horn outside some people have to be up early,2026-02-17T02:38:34.607Z,10,0,🟡
so like does anyone have calc with downey?? i j need to know what we did the past couple days,2026-02-17T02:13:20.842Z,7,1,🟢
Why are those freshman football players so thirsty?,2026-02-16T22:48:35.373Z,14,0,🟢
bit into the garlic shrimp at ryan and nearly puked. tastes like someone dumped a bottle of horseradish on top.,2026-02-16T22:24:04.202Z,11,1,🟢
So nobody on the 2nd floor of Baldwin knows how to set a timer to switch laundry tf ??????,2026-02-16T21:41:25.006Z,13,0,🟢
"just about ready to off myself why, you ask? 
my fucking reach courses and the ungodly homework they assign",2026-02-16T21:24:05.586Z,51,1,🟡
I treat my messages with my mom like my personal diary,2026-02-16T21:11:48.431Z,81,1,🟢
I wish women were more friendly to me cuz I lowkey fw women a lot,2026-02-16T20:56:16.061Z,25,1,🟢
"the mail room is really getting on my nerves this semester. they rarely send emails when my packages get delivered now (even when it was a week ago), and the line takes 15+ minutes every time i’m in there",2026-02-16T20:43:46.842Z,77,1,🟢
No shade but you’re a chud and definitely get frame mogged by ASU frat leader,2026-02-16T18:24:25.607Z,56,1,🟡
"I AM SICK AND TIRED OF WAITING ON A MAN, LADIES ITS YOUR TURN",2026-02-16T17:58:22.388Z,50,0,🟢
RIP #3,2026-02-16T17:39:07.817Z,-1,1,🟢
why am i such a fat fucking chud,2026-02-16T17:35:09.393Z,74,1,🟡
Can someone explain to me what Parkhurst suppose to do?,2026-02-16T16:56:11.852Z,9,1,🟢
Somar Dance Works,2026-02-16T16:55:03.402Z,8,1,🟢
Fun fact you can use your turning signal to signal you’re turning. Dick heads.,2026-02-16T16:49:54.079Z,91,1,🟡
Parkhurst has the chance to do the funniest thing for their black history month lunch,2026-02-16T16:01:48.183Z,23,1,🟢
how TF do you loose a package AN HOUR AFTER IT WAS DELIVERED,2026-02-16T16:01:25.012Z,41,1,🟢
why are we stopping in front of the stairwell where many people are walking to kiss.,2026-02-16T15:13:30.360Z,31,1,🟢
The dinning halls here make me feel like a stray dog begging for trash scraps in a cold wet alley,2026-02-16T15:08:28.662Z,105,0,🟢
no shade but i can’t do people who drink soda/pop early in the morning … like why are you drinking Dr. Pepper in our 8am as if it’s a water bottle.,2026-02-16T14:35:23.106Z,70,1,🟢
How on God’s Green Earth did we have MLK Day off but not Presidents Day? Insane tbh,2026-02-16T14:16:54.855Z,16,1,🟢
"package was just delivered now, what’s the over under i get the email today",2026-02-16T14:07:31.469Z,17,1,🟢
Teir 🥀,2026-02-16T13:52:02.894Z,16,1,🟢
Oh the music and shaking in Baldwin is strong today holy crap,2026-02-16T13:18:27.769Z,13,1,🟡
Rowing=chuds I heard one of them was wacking it on his official,2026-02-16T12:49:34.764Z,34,1,🟢
My broken fridge froze my eggs??  Thank you Mercyhurst for these top teir apartments,2026-02-16T11:44:00.197Z,0,0,🟢
whoever’s yelling on briggs stfu,2026-02-16T06:10:20.549Z,6,0,🟢
the way we don't have president's day off,2026-02-16T05:48:52.041Z,38,1,🟢
Why are more people talking about Guner 47 on football being weird at the bar again!!!,2026-02-16T02:59:16.733Z,16,0,🟢
anybody got any tips on how to find scholarships?,2026-02-16T02:38:21.595Z,30,1,🟢
dumb question IK sorry 🫩 but any tips on how to get into parties as a freshman or is that a no go? just finding out where one is and going seems weird but idk anything frl,2026-02-16T02:04:55.186Z,23,0,🟢
starting in march 2026 will be my year,2026-02-16T01:56:55.632Z,31,1,🟢
Grotto food once again making me want to kms,2026-02-15T23:59:14.333Z,38,0,🟢
i am cooked but i am free,2026-02-15T23:39:25.512Z,25,1,🟢
yk i think it’s over for me and im okay with that,2026-02-15T21:09:38.437Z,18,1,🟢
The political state of our country makes me embarrassed to be an American but our Olympic athletes make me want to shoot fireworks out of my ass while riding a bald eagle over every other loser country USA USA USA 🇺🇸 🦅🎆🌭🏈🤠,2026-02-15T20:38:46.674Z,108,0,🟡
OK WHO PISSED IN THE WARDE ELEVATOR 🫣,2026-02-15T20:23:58.607Z,43,0,🟢
"Briggs 3909, my white mesh laundry bag is missing so if you grabbed it for some reason  please put it back in the basement ontop of the dryers",2026-02-15T19:52:42.300Z,11,1,🟢
Maybe next February things will be different…,2026-02-15T19:48:54.932Z,54,1,🟢
how do ppl live alone? my roommates have been gone all weekend and all I wanna do is smoke and nap,2026-02-15T18:55:53.329Z,19,0,🟢
can that dog in the library stfu,2026-02-15T18:40:51.939Z,19,0,🟡
8 seconds. I am him,2026-02-15T18:01:18.893Z,5,1,🟢
Can we bring back Wishbone,2026-02-15T17:01:21.032Z,37,1,🟢
"Just letting everyone know that I will be turning evil soon, it sucks but it has to be done 😔",2026-02-15T16:00:56.962Z,119,0,🟡
just found out the reason why getz is resigning is because we are in debt from going D1...,2026-02-15T15:43:40.832Z,66,1,🟢
whoever found my id n put it on my door your the fuckin goat!!,2026-02-15T15:02:44.981Z,89,1,🟡
Shut the fuck up outside lewis at 4am! What are we doing people? Be considerate please!,2026-02-15T09:15:39.526Z,42,0,🟡
Covid clearly messed up the younger generations! I was a freshman in hs when it happened so I kinda learned how to be social but WOW it’s obvious yall don’t know how to socialize and have fun at parties or group hangouts,2026-02-15T08:04:29.534Z,35,0,🟢
Girls at sullys need to step off whatever pedestal they stand on in their heads and just catch a vibe.,2026-02-15T07:44:17.107Z,17,1,🟢
trok,2026-02-15T07:28:10.621Z,16,1,🟢
Glen shot the big kirk,2026-02-15T07:22:56.129Z,21,1,🟢
double trouble at brigs where the swabbies at,2026-02-15T07:18:38.352Z,17,0,🟢
"why did i have to get the loudest snorer in the world as my roommate, so fucking annoying. go to guinness world records and never come back! can’t do this shit no more 😭",2026-02-15T06:42:03.023Z,75,0,🟡
HATE HATE HATE. FUCK LOVE ALL WE NEED TO DO IS HATE,2026-02-15T06:04:45.419Z,5,0,🟡
YARGHHHH,2026-02-15T04:54:05.817Z,14,1,🟢
bring back the meet cute,2026-02-15T04:28:30.970Z,28,1,🟢
she yik on my yak til we match 😛😛,2026-02-15T03:56:12.749Z,19,1,🟢
Anyone that posts with their significant other is a piece of shit and utterly useless,2026-02-15T01:39:42.437Z,19,0,🟡
valentines day?? more like “how many ugly mfs can we post on social media at once” day. some of yall rly need to take a step back…,2026-02-15T01:14:05.696Z,42,1,🟢
lax house throwing?,2026-02-15T01:04:04.643Z,8,1,🟢
I am human and I need to be loved Just like everybody else does,2026-02-15T00:57:32.683Z,24,1,🟢
best place to study/get work done on campus?,2026-02-15T00:27:33.320Z,5,1,🟢
Can someone please throw,2026-02-15T00:14:31.259Z,9,1,🟢
everyone go do the yak match the more the better it will work!,2026-02-14T23:42:27.372Z,105,1,🟢
Can we please get some ground beef in the grotto gah damn,2026-02-14T23:14:50.549Z,10,1,🟢
Literally tho,2026-02-14T22:35:02.392Z,12,1,🟢
Facts let’s t up tn,2026-02-14T22:34:42.290Z,6,1,🟢
"Whatever girl was washing clothes on 2nd Floor in Warde, your clothes have been sitting there for over 3 hours",2026-02-14T22:17:41.148Z,9,1,🟢
Bro fuck grotto,2026-02-14T22:06:33.569Z,95,1,🟡
Hot take: Valentine’s Day is for women. It is a woman’s holiday,2026-02-14T22:05:31.870Z,34,1,🟢
actually gonna kms bc why does grotto always have pork. mf i don’t eat pork.,2026-02-14T21:20:49.594Z,25,0,🟢
Got my first tattoo today holy fuck it’s addictive,2026-02-14T20:44:04.929Z,34,0,🟡
whatchu mean denmark scored from the redline,2026-02-14T20:33:24.559Z,18,1,🟢
My valentine is a pack of zyns and my record player,2026-02-14T20:31:33.770Z,30,1,🟢
JM23 plzzzzz come find me im in Baldwin daddy!!!,2026-02-14T20:11:41.706Z,14,1,🟢
sullies tn obviously,2026-02-14T20:01:49.023Z,26,1,🟢
Who the guy who keeps yelling at the wbb game?,2026-02-14T19:23:07.381Z,6,1,🟢
Hey Guys. Happy VALENTINES DAY to all the couples. EVEN THE SINGLES AS WELL,2026-02-14T18:41:26.505Z,61,1,🟢
Bout to find my husband on yak match,2026-02-14T18:23:34.761Z,84,1,🟢
you’ve all been letting sullies suck lately and i’m deeply disappointed,2026-02-14T17:30:04.581Z,34,0,🟡
Whoever is doing PA announcing for the men’s lax game… NEVER let him work again,2026-02-14T17:04:57.955Z,14,0,🟢
billions must drink,2026-02-14T16:48:45.893Z,36,1,🟢
Woke up and decided that jumping off the tower of old main seems like a great way to celebrate this fuckass holiday,2026-02-14T16:21:21.919Z,50,1,🟡
happy valentine’s day to everyone!! love is more powerful then hate!!!!!,2026-02-14T16:12:00.973Z,55,1,🟢
"Just woke up, and already pissed off this day sucks.",2026-02-14T16:05:55.655Z,25,0,🟡
what about a valentines shoutout to all the smart independent men out there mrs 2029,2026-02-14T15:53:03.391Z,28,1,🟢
Mercyhurst 29 girl please shut up. You just look stupid and whenever u post on there people just laugh AT you,2026-02-14T15:47:35.867Z,48,0,🟡
To day drink or not to day drink?,2026-02-14T15:30:26.225Z,38,1,🟢
"Happy valentine’s day to all of you beautiful, strong, and resilient ladies!!❤️",2026-02-14T13:32:41.863Z,85,1,🟢
i’m single but not feeling bitter this valentine’s day for some reason good vibes only ✌️☮️,2026-02-14T06:23:22.426Z,33,0,🟢
When I have no one to talk to I feel like a complete unknown,2026-02-14T04:23:52.751Z,44,1,🟢
get to the fucking bar,2026-02-14T04:16:56.490Z,13,1,🟡
I’d rather die than take my A&P practical Monday. I love lucore but please babe give us word banks I’m actually on the edge,2026-02-14T04:14:53.776Z,27,1,🟢
when im out drinking with bestie and she went nonverbal 15 minutes ago and her phone is slightly angled so i know the nights over,2026-02-14T04:00:28.907Z,40,1,🟢
STARTING NOW! DRINK MENU 🚨,2026-02-14T02:00:22.047Z,6,1,🟢
the band’s drum major uniform must be calling these women to help men cheat on their girlfriends like it’s the green goblin mask,2026-02-14T01:46:07.667Z,26,1,🟢
THERE’S TWO OF THEM!!!,2026-02-14T01:12:31.047Z,18,1,🟢
I hate social media. It has ruined relationships.,2026-02-14T00:32:36.571Z,69,0,🟢
Bro we so SOOOOOO fucked,2026-02-13T23:36:33.458Z,39,1,🟡
friendly reminder that if your period ended this week you will be ovulating on valentine's day. good luck and be safe!,2026-02-13T23:29:10.985Z,19,1,🟢
pregame,2026-02-13T23:28:42.139Z,25,1,🟢
Wait why r people fucking tonight when Valentine’s Day is tmr,2026-02-13T23:10:18.120Z,40,0,🟡
Genuinely. Highest part,2026-02-13T23:09:34.932Z,21,1,🟢
BENJAMIN NETANYAHU PLEASE LET ME ORDER FROM THE ROOST IN THE GET APP,2026-02-13T22:51:53.062Z,30,1,🟢
valentines day makes me want to jump off old main,2026-02-13T22:36:45.130Z,104,1,🟢
If I see any couples tomorrow I’m running them over 💜,2026-02-13T22:32:40.024Z,80,1,🟢
those little goodie bags were so cute,2026-02-13T21:11:51.983Z,19,1,🟢
"You are all goyim. Wake up and realize how lazy you actually are and stop doomscrolling, be productive with your life and value your body and mind",2026-02-13T21:11:06.098Z,46,1,🟢
Wear protection tonight!,2026-02-13T20:22:34.860Z,44,1,🟢
LOL GOTTEM. Syfm,2026-02-13T20:21:03.698Z,0,1,🟢
best place to shit on campus?,2026-02-13T20:18:49.671Z,15,1,🟡
saw grass today,2026-02-13T19:52:33.137Z,82,1,🟢
if you have enough classes it legitimately could be impossible to get your package bc of how long you’ll spend at the mail room 💔,2026-02-13T19:05:16.620Z,39,1,🟢
They’re ticketing Briggs rn,2026-02-13T18:56:29.980Z,9,1,🟢
Erie county parking authority at it again on Briggs 🤡,2026-02-13T18:54:29.447Z,8,1,🟢
yes i stole your tim hortons order,2026-02-13T18:44:52.616Z,6,0,🟢
"🚨 TONIGHT AT 9 🚨 DRINK MENU + MUSIC
COME FOR A GOOD TIME",2026-02-13T18:26:01.011Z,24,1,🟢
"When it’s come to the GOAT conversation you have…Jordan - 6 Rings
Brady - 7 rings
Me - 19 straight years of being Single & no first kiss. 

Lowkey I’m an all time great at living lonely",2026-02-13T18:12:41.219Z,37,1,🟢
when i’m trying to eat lunch but the 501 workers won’t stop watching reels at full volume,2026-02-13T16:55:49.570Z,62,1,🟢
anyone taking downey's stats 109 quiz 2 wanna help me out i have dyscalculia and i'm so cooked,2026-02-13T16:54:53.659Z,8,0,🟢
can this dog in Duval stfu? i’m trying to do homework so i can get drunk this weekend 😭,2026-02-13T16:53:11.651Z,38,0,🟢
Who is gonna tell bro football is gonna be in the summer Olympics,2026-02-13T16:17:38.661Z,12,1,🟢
hammermill wifi is at a blazing 110 kbps. carrier pigeons would be faster,2026-02-13T16:08:45.351Z,18,1,🟢
"Some people might say you have a might have a drinking problem, though they’re wrong, they just have a problem with you drinking.",2026-02-13T15:36:50.495Z,33,0,🟢
"ladies, good luck on your everything showers tonight ❤️ 😛",2026-02-13T15:00:36.730Z,189,1,🟢
Guys what the move tomorrow I have nothing planned,2026-02-13T15:00:30.924Z,45,0,🟢
Is the espresso machine in the bookstore working yet?,2026-02-13T14:44:15.840Z,11,1,🟢
say that again....,2026-02-13T14:34:42.214Z,12,1,🟢
